[0.076s] DEBUG:colcon:Command line arguments: ['/usr/bin/colcon', 'build', '--symlink-install']
[0.076s] DEBUG:colcon:Parsed command line arguments: Namespace(log_base=None, log_level=None, verb_name='build', build_base='build', install_base='install', merge_install=False, symlink_install=True, test_result_base=None, continue_on_error=False, executor='parallel', parallel_workers=20, event_handlers=None, ignore_user_meta=False, metas=['./colcon.meta'], base_paths=['.'], packages_ignore=None, packages_ignore_regex=None, paths=None, packages_up_to=None, packages_up_to_regex=None, packages_above=None, packages_above_and_dependencies=None, packages_above_depth=None, packages_select_by_dep=None, packages_skip_by_dep=None, packages_skip_up_to=None, packages_select_build_failed=False, packages_skip_build_finished=False, packages_select_test_failures=False, packages_skip_test_passed=False, packages_select=None, packages_skip=None, packages_select_regex=None, packages_skip_regex=None, packages_start=None, packages_end=None, allow_overriding=[], cmake_args=None, cmake_target=None, cmake_target_skip_unavailable=False, cmake_clean_cache=False, cmake_clean_first=False, cmake_force_configure=False, ament_cmake_args=None, catkin_cmake_args=None, catkin_skip_building_tests=False, mixin_files=None, mixin=None, verb_parser=<colcon_mixin.mixin.mixin_argument.MixinArgumentDecorator object at 0x7944ca33d900>, verb_extension=<colcon_core.verb.build.BuildVerb object at 0x7944ca33d180>, main=<bound method BuildVerb.main of <colcon_core.verb.build.BuildVerb object at 0x7944ca33d180>>, mixin_verb=('build',))
[0.192s] Level 1:colcon.colcon_core.package_discovery:discover_packages(colcon_meta) check parameters
[0.192s] Level 1:colcon.colcon_core.package_discovery:discover_packages(recursive) check parameters
[0.192s] Level 1:colcon.colcon_core.package_discovery:discover_packages(ignore) check parameters
[0.192s] Level 1:colcon.colcon_core.package_discovery:discover_packages(path) check parameters
[0.192s] Level 1:colcon.colcon_core.package_discovery:discover_packages(colcon_meta) discover
[0.192s] Level 1:colcon.colcon_core.package_discovery:discover_packages(recursive) discover
[0.192s] INFO:colcon.colcon_core.package_discovery:Crawling recursively for packages in '/home/a-tamby/experiment_grinding_nose/sensors_experiment'
[0.192s] Level 1:colcon.colcon_core.package_identification:_identify(.) by extensions ['ignore', 'ignore_ament_install']
[0.192s] Level 1:colcon.colcon_core.package_identification:_identify(.) by extension 'ignore'
[0.193s] Level 1:colcon.colcon_core.package_identification:_identify(.) by extension 'ignore_ament_install'
[0.193s] Level 1:colcon.colcon_core.package_identification:_identify(.) by extensions ['colcon_pkg']
[0.193s] Level 1:colcon.colcon_core.package_identification:_identify(.) by extension 'colcon_pkg'
[0.193s] Level 1:colcon.colcon_core.package_identification:_identify(.) by extensions ['colcon_meta']
[0.193s] Level 1:colcon.colcon_core.package_identification:_identify(.) by extension 'colcon_meta'
[0.193s] Level 1:colcon.colcon_core.package_identification:_identify(.) by extensions ['ros']
[0.193s] Level 1:colcon.colcon_core.package_identification:_identify(.) by extension 'ros'
[0.198s] Level 1:colcon.colcon_core.package_identification:_identify(.) by extensions ['cmake', 'python']
[0.199s] Level 1:colcon.colcon_core.package_identification:_identify(.) by extension 'cmake'
[0.199s] Level 1:colcon.colcon_core.package_identification:_identify(.) by extension 'python'
[0.199s] Level 1:colcon.colcon_core.package_identification:_identify(.) by extensions ['python_setup_py']
[0.199s] Level 1:colcon.colcon_core.package_identification:_identify(.) by extension 'python_setup_py'
[0.199s] Level 1:colcon.colcon_core.package_identification:_identify(aurora_api) by extensions ['ignore', 'ignore_ament_install']
[0.199s] Level 1:colcon.colcon_core.package_identification:_identify(aurora_api) by extension 'ignore'
[0.199s] Level 1:colcon.colcon_core.package_identification:_identify(aurora_api) by extension 'ignore_ament_install'
[0.199s] Level 1:colcon.colcon_core.package_identification:_identify(aurora_api) by extensions ['colcon_pkg']
[0.199s] Level 1:colcon.colcon_core.package_identification:_identify(aurora_api) by extension 'colcon_pkg'
[0.199s] Level 1:colcon.colcon_core.package_identification:_identify(aurora_api) by extensions ['colcon_meta']
[0.199s] Level 1:colcon.colcon_core.package_identification:_identify(aurora_api) by extension 'colcon_meta'
[0.199s] Level 1:colcon.colcon_core.package_identification:_identify(aurora_api) by extensions ['ros']
[0.199s] Level 1:colcon.colcon_core.package_identification:_identify(aurora_api) by extension 'ros'
[0.199s] Level 1:colcon.colcon_core.package_identification:_identify(aurora_api) by extensions ['cmake', 'python']
[0.199s] Level 1:colcon.colcon_core.package_identification:_identify(aurora_api) by extension 'cmake'
[0.199s] Level 1:colcon.colcon_core.package_identification:_identify(aurora_api) by extension 'python'
[0.199s] Level 1:colcon.colcon_core.package_identification:_identify(aurora_api) by extensions ['python_setup_py']
[0.199s] Level 1:colcon.colcon_core.package_identification:_identify(aurora_api) by extension 'python_setup_py'
[0.199s] Level 1:colcon.colcon_core.package_identification:_identify(aurora_api/bin) by extensions ['ignore', 'ignore_ament_install']
[0.199s] Level 1:colcon.colcon_core.package_identification:_identify(aurora_api/bin) by extension 'ignore'
[0.199s] Level 1:colcon.colcon_core.package_identification:_identify(aurora_api/bin) by extension 'ignore_ament_install'
[0.199s] Level 1:colcon.colcon_core.package_identification:_identify(aurora_api/bin) by extensions ['colcon_pkg']
[0.199s] Level 1:colcon.colcon_core.package_identification:_identify(aurora_api/bin) by extension 'colcon_pkg'
[0.199s] Level 1:colcon.colcon_core.package_identification:_identify(aurora_api/bin) by extensions ['colcon_meta']
[0.199s] Level 1:colcon.colcon_core.package_identification:_identify(aurora_api/bin) by extension 'colcon_meta'
[0.199s] Level 1:colcon.colcon_core.package_identification:_identify(aurora_api/bin) by extensions ['ros']
[0.199s] Level 1:colcon.colcon_core.package_identification:_identify(aurora_api/bin) by extension 'ros'
[0.199s] Level 1:colcon.colcon_core.package_identification:_identify(aurora_api/bin) by extensions ['cmake', 'python']
[0.199s] Level 1:colcon.colcon_core.package_identification:_identify(aurora_api/bin) by extension 'cmake'
[0.199s] Level 1:colcon.colcon_core.package_identification:_identify(aurora_api/bin) by extension 'python'
[0.199s] Level 1:colcon.colcon_core.package_identification:_identify(aurora_api/bin) by extensions ['python_setup_py']
[0.199s] Level 1:colcon.colcon_core.package_identification:_identify(aurora_api/bin) by extension 'python_setup_py'
[0.199s] Level 1:colcon.colcon_core.package_identification:_identify(aurora_api/bin/linux) by extensions ['ignore', 'ignore_ament_install']
[0.199s] Level 1:colcon.colcon_core.package_identification:_identify(aurora_api/bin/linux) by extension 'ignore'
[0.199s] Level 1:colcon.colcon_core.package_identification:_identify(aurora_api/bin/linux) by extension 'ignore_ament_install'
[0.199s] Level 1:colcon.colcon_core.package_identification:_identify(aurora_api/bin/linux) by extensions ['colcon_pkg']
[0.199s] Level 1:colcon.colcon_core.package_identification:_identify(aurora_api/bin/linux) by extension 'colcon_pkg'
[0.199s] Level 1:colcon.colcon_core.package_identification:_identify(aurora_api/bin/linux) by extensions ['colcon_meta']
[0.199s] Level 1:colcon.colcon_core.package_identification:_identify(aurora_api/bin/linux) by extension 'colcon_meta'
[0.199s] Level 1:colcon.colcon_core.package_identification:_identify(aurora_api/bin/linux) by extensions ['ros']
[0.199s] Level 1:colcon.colcon_core.package_identification:_identify(aurora_api/bin/linux) by extension 'ros'
[0.199s] Level 1:colcon.colcon_core.package_identification:_identify(aurora_api/bin/linux) by extensions ['cmake', 'python']
[0.199s] Level 1:colcon.colcon_core.package_identification:_identify(aurora_api/bin/linux) by extension 'cmake'
[0.199s] Level 1:colcon.colcon_core.package_identification:_identify(aurora_api/bin/linux) by extension 'python'
[0.200s] Level 1:colcon.colcon_core.package_identification:_identify(aurora_api/bin/linux) by extensions ['python_setup_py']
[0.200s] Level 1:colcon.colcon_core.package_identification:_identify(aurora_api/bin/linux) by extension 'python_setup_py'
[0.200s] Level 1:colcon.colcon_core.package_identification:_identify(aurora_api/bin/macosx) by extensions ['ignore', 'ignore_ament_install']
[0.200s] Level 1:colcon.colcon_core.package_identification:_identify(aurora_api/bin/macosx) by extension 'ignore'
[0.200s] Level 1:colcon.colcon_core.package_identification:_identify(aurora_api/bin/macosx) by extension 'ignore_ament_install'
[0.200s] Level 1:colcon.colcon_core.package_identification:_identify(aurora_api/bin/macosx) by extensions ['colcon_pkg']
[0.200s] Level 1:colcon.colcon_core.package_identification:_identify(aurora_api/bin/macosx) by extension 'colcon_pkg'
[0.200s] Level 1:colcon.colcon_core.package_identification:_identify(aurora_api/bin/macosx) by extensions ['colcon_meta']
[0.200s] Level 1:colcon.colcon_core.package_identification:_identify(aurora_api/bin/macosx) by extension 'colcon_meta'
[0.200s] Level 1:colcon.colcon_core.package_identification:_identify(aurora_api/bin/macosx) by extensions ['ros']
[0.200s] Level 1:colcon.colcon_core.package_identification:_identify(aurora_api/bin/macosx) by extension 'ros'
[0.200s] Level 1:colcon.colcon_core.package_identification:_identify(aurora_api/bin/macosx) by extensions ['cmake', 'python']
[0.200s] Level 1:colcon.colcon_core.package_identification:_identify(aurora_api/bin/macosx) by extension 'cmake'
[0.200s] Level 1:colcon.colcon_core.package_identification:_identify(aurora_api/bin/macosx) by extension 'python'
[0.200s] Level 1:colcon.colcon_core.package_identification:_identify(aurora_api/bin/macosx) by extensions ['python_setup_py']
[0.200s] Level 1:colcon.colcon_core.package_identification:_identify(aurora_api/bin/macosx) by extension 'python_setup_py'
[0.200s] Level 1:colcon.colcon_core.package_identification:_identify(aurora_api/bin/win64) by extensions ['ignore', 'ignore_ament_install']
[0.200s] Level 1:colcon.colcon_core.package_identification:_identify(aurora_api/bin/win64) by extension 'ignore'
[0.200s] Level 1:colcon.colcon_core.package_identification:_identify(aurora_api/bin/win64) by extension 'ignore_ament_install'
[0.200s] Level 1:colcon.colcon_core.package_identification:_identify(aurora_api/bin/win64) by extensions ['colcon_pkg']
[0.200s] Level 1:colcon.colcon_core.package_identification:_identify(aurora_api/bin/win64) by extension 'colcon_pkg'
[0.200s] Level 1:colcon.colcon_core.package_identification:_identify(aurora_api/bin/win64) by extensions ['colcon_meta']
[0.200s] Level 1:colcon.colcon_core.package_identification:_identify(aurora_api/bin/win64) by extension 'colcon_meta'
[0.200s] Level 1:colcon.colcon_core.package_identification:_identify(aurora_api/bin/win64) by extensions ['ros']
[0.200s] Level 1:colcon.colcon_core.package_identification:_identify(aurora_api/bin/win64) by extension 'ros'
[0.200s] Level 1:colcon.colcon_core.package_identification:_identify(aurora_api/bin/win64) by extensions ['cmake', 'python']
[0.200s] Level 1:colcon.colcon_core.package_identification:_identify(aurora_api/bin/win64) by extension 'cmake'
[0.200s] Level 1:colcon.colcon_core.package_identification:_identify(aurora_api/bin/win64) by extension 'python'
[0.200s] Level 1:colcon.colcon_core.package_identification:_identify(aurora_api/bin/win64) by extensions ['python_setup_py']
[0.200s] Level 1:colcon.colcon_core.package_identification:_identify(aurora_api/bin/win64) by extension 'python_setup_py'
[0.200s] Level 1:colcon.colcon_core.package_identification:_identify(aurora_api/build) by extensions ['ignore', 'ignore_ament_install']
[0.200s] Level 1:colcon.colcon_core.package_identification:_identify(aurora_api/build) by extension 'ignore'
[0.200s] Level 1:colcon.colcon_core.package_identification:_identify(aurora_api/build) by extension 'ignore_ament_install'
[0.200s] Level 1:colcon.colcon_core.package_identification:_identify(aurora_api/build) by extensions ['colcon_pkg']
[0.200s] Level 1:colcon.colcon_core.package_identification:_identify(aurora_api/build) by extension 'colcon_pkg'
[0.200s] Level 1:colcon.colcon_core.package_identification:_identify(aurora_api/build) by extensions ['colcon_meta']
[0.200s] Level 1:colcon.colcon_core.package_identification:_identify(aurora_api/build) by extension 'colcon_meta'
[0.200s] Level 1:colcon.colcon_core.package_identification:_identify(aurora_api/build) by extensions ['ros']
[0.200s] Level 1:colcon.colcon_core.package_identification:_identify(aurora_api/build) by extension 'ros'
[0.200s] Level 1:colcon.colcon_core.package_identification:_identify(aurora_api/build) by extensions ['cmake', 'python']
[0.200s] Level 1:colcon.colcon_core.package_identification:_identify(aurora_api/build) by extension 'cmake'
[0.200s] Level 1:colcon.colcon_core.package_identification:_identify(aurora_api/build) by extension 'python'
[0.200s] Level 1:colcon.colcon_core.package_identification:_identify(aurora_api/build) by extensions ['python_setup_py']
[0.200s] Level 1:colcon.colcon_core.package_identification:_identify(aurora_api/build) by extension 'python_setup_py'
[0.200s] Level 1:colcon.colcon_core.package_identification:_identify(aurora_api/build/linux) by extensions ['ignore', 'ignore_ament_install']
[0.200s] Level 1:colcon.colcon_core.package_identification:_identify(aurora_api/build/linux) by extension 'ignore'
[0.200s] Level 1:colcon.colcon_core.package_identification:_identify(aurora_api/build/linux) by extension 'ignore_ament_install'
[0.200s] Level 1:colcon.colcon_core.package_identification:_identify(aurora_api/build/linux) by extensions ['colcon_pkg']
[0.200s] Level 1:colcon.colcon_core.package_identification:_identify(aurora_api/build/linux) by extension 'colcon_pkg'
[0.200s] Level 1:colcon.colcon_core.package_identification:_identify(aurora_api/build/linux) by extensions ['colcon_meta']
[0.201s] Level 1:colcon.colcon_core.package_identification:_identify(aurora_api/build/linux) by extension 'colcon_meta'
[0.201s] Level 1:colcon.colcon_core.package_identification:_identify(aurora_api/build/linux) by extensions ['ros']
[0.201s] Level 1:colcon.colcon_core.package_identification:_identify(aurora_api/build/linux) by extension 'ros'
[0.201s] Level 1:colcon.colcon_core.package_identification:_identify(aurora_api/build/linux) by extensions ['cmake', 'python']
[0.201s] Level 1:colcon.colcon_core.package_identification:_identify(aurora_api/build/linux) by extension 'cmake'
[0.201s] Level 1:colcon.colcon_core.package_identification:_identify(aurora_api/build/linux) by extension 'python'
[0.201s] Level 1:colcon.colcon_core.package_identification:_identify(aurora_api/build/linux) by extensions ['python_setup_py']
[0.201s] Level 1:colcon.colcon_core.package_identification:_identify(aurora_api/build/linux) by extension 'python_setup_py'
[0.201s] Level 1:colcon.colcon_core.package_identification:_identify(aurora_api/build/linux/obj) by extensions ['ignore', 'ignore_ament_install']
[0.201s] Level 1:colcon.colcon_core.package_identification:_identify(aurora_api/build/linux/obj) by extension 'ignore'
[0.201s] Level 1:colcon.colcon_core.package_identification:_identify(aurora_api/build/linux/obj) by extension 'ignore_ament_install'
[0.201s] Level 1:colcon.colcon_core.package_identification:_identify(aurora_api/build/linux/obj) by extensions ['colcon_pkg']
[0.201s] Level 1:colcon.colcon_core.package_identification:_identify(aurora_api/build/linux/obj) by extension 'colcon_pkg'
[0.201s] Level 1:colcon.colcon_core.package_identification:_identify(aurora_api/build/linux/obj) by extensions ['colcon_meta']
[0.201s] Level 1:colcon.colcon_core.package_identification:_identify(aurora_api/build/linux/obj) by extension 'colcon_meta'
[0.201s] Level 1:colcon.colcon_core.package_identification:_identify(aurora_api/build/linux/obj) by extensions ['ros']
[0.201s] Level 1:colcon.colcon_core.package_identification:_identify(aurora_api/build/linux/obj) by extension 'ros'
[0.201s] Level 1:colcon.colcon_core.package_identification:_identify(aurora_api/build/linux/obj) by extensions ['cmake', 'python']
[0.201s] Level 1:colcon.colcon_core.package_identification:_identify(aurora_api/build/linux/obj) by extension 'cmake'
[0.201s] Level 1:colcon.colcon_core.package_identification:_identify(aurora_api/build/linux/obj) by extension 'python'
[0.201s] Level 1:colcon.colcon_core.package_identification:_identify(aurora_api/build/linux/obj) by extensions ['python_setup_py']
[0.201s] Level 1:colcon.colcon_core.package_identification:_identify(aurora_api/build/linux/obj) by extension 'python_setup_py'
[0.201s] Level 1:colcon.colcon_core.package_identification:_identify(aurora_api/build/linux/obj/library) by extensions ['ignore', 'ignore_ament_install']
[0.201s] Level 1:colcon.colcon_core.package_identification:_identify(aurora_api/build/linux/obj/library) by extension 'ignore'
[0.201s] Level 1:colcon.colcon_core.package_identification:_identify(aurora_api/build/linux/obj/library) by extension 'ignore_ament_install'
[0.201s] Level 1:colcon.colcon_core.package_identification:_identify(aurora_api/build/linux/obj/library) by extensions ['colcon_pkg']
[0.201s] Level 1:colcon.colcon_core.package_identification:_identify(aurora_api/build/linux/obj/library) by extension 'colcon_pkg'
[0.201s] Level 1:colcon.colcon_core.package_identification:_identify(aurora_api/build/linux/obj/library) by extensions ['colcon_meta']
[0.201s] Level 1:colcon.colcon_core.package_identification:_identify(aurora_api/build/linux/obj/library) by extension 'colcon_meta'
[0.201s] Level 1:colcon.colcon_core.package_identification:_identify(aurora_api/build/linux/obj/library) by extensions ['ros']
[0.201s] Level 1:colcon.colcon_core.package_identification:_identify(aurora_api/build/linux/obj/library) by extension 'ros'
[0.201s] Level 1:colcon.colcon_core.package_identification:_identify(aurora_api/build/linux/obj/library) by extensions ['cmake', 'python']
[0.201s] Level 1:colcon.colcon_core.package_identification:_identify(aurora_api/build/linux/obj/library) by extension 'cmake'
[0.201s] Level 1:colcon.colcon_core.package_identification:_identify(aurora_api/build/linux/obj/library) by extension 'python'
[0.201s] Level 1:colcon.colcon_core.package_identification:_identify(aurora_api/build/linux/obj/library) by extensions ['python_setup_py']
[0.201s] Level 1:colcon.colcon_core.package_identification:_identify(aurora_api/build/linux/obj/library) by extension 'python_setup_py'
[0.201s] Level 1:colcon.colcon_core.package_identification:_identify(aurora_api/build/linux/obj/library/src) by extensions ['ignore', 'ignore_ament_install']
[0.201s] Level 1:colcon.colcon_core.package_identification:_identify(aurora_api/build/linux/obj/library/src) by extension 'ignore'
[0.201s] Level 1:colcon.colcon_core.package_identification:_identify(aurora_api/build/linux/obj/library/src) by extension 'ignore_ament_install'
[0.201s] Level 1:colcon.colcon_core.package_identification:_identify(aurora_api/build/linux/obj/library/src) by extensions ['colcon_pkg']
[0.201s] Level 1:colcon.colcon_core.package_identification:_identify(aurora_api/build/linux/obj/library/src) by extension 'colcon_pkg'
[0.201s] Level 1:colcon.colcon_core.package_identification:_identify(aurora_api/build/linux/obj/library/src) by extensions ['colcon_meta']
[0.201s] Level 1:colcon.colcon_core.package_identification:_identify(aurora_api/build/linux/obj/library/src) by extension 'colcon_meta'
[0.201s] Level 1:colcon.colcon_core.package_identification:_identify(aurora_api/build/linux/obj/library/src) by extensions ['ros']
[0.201s] Level 1:colcon.colcon_core.package_identification:_identify(aurora_api/build/linux/obj/library/src) by extension 'ros'
[0.201s] Level 1:colcon.colcon_core.package_identification:_identify(aurora_api/build/linux/obj/library/src) by extensions ['cmake', 'python']
[0.201s] Level 1:colcon.colcon_core.package_identification:_identify(aurora_api/build/linux/obj/library/src) by extension 'cmake'
[0.201s] Level 1:colcon.colcon_core.package_identification:_identify(aurora_api/build/linux/obj/library/src) by extension 'python'
[0.201s] Level 1:colcon.colcon_core.package_identification:_identify(aurora_api/build/linux/obj/library/src) by extensions ['python_setup_py']
[0.202s] Level 1:colcon.colcon_core.package_identification:_identify(aurora_api/build/linux/obj/library/src) by extension 'python_setup_py'
[0.202s] Level 1:colcon.colcon_core.package_identification:_identify(aurora_api/build/linux/obj/ndigst) by extensions ['ignore', 'ignore_ament_install']
[0.202s] Level 1:colcon.colcon_core.package_identification:_identify(aurora_api/build/linux/obj/ndigst) by extension 'ignore'
[0.202s] Level 1:colcon.colcon_core.package_identification:_identify(aurora_api/build/linux/obj/ndigst) by extension 'ignore_ament_install'
[0.202s] Level 1:colcon.colcon_core.package_identification:_identify(aurora_api/build/linux/obj/ndigst) by extensions ['colcon_pkg']
[0.202s] Level 1:colcon.colcon_core.package_identification:_identify(aurora_api/build/linux/obj/ndigst) by extension 'colcon_pkg'
[0.202s] Level 1:colcon.colcon_core.package_identification:_identify(aurora_api/build/linux/obj/ndigst) by extensions ['colcon_meta']
[0.202s] Level 1:colcon.colcon_core.package_identification:_identify(aurora_api/build/linux/obj/ndigst) by extension 'colcon_meta'
[0.202s] Level 1:colcon.colcon_core.package_identification:_identify(aurora_api/build/linux/obj/ndigst) by extensions ['ros']
[0.202s] Level 1:colcon.colcon_core.package_identification:_identify(aurora_api/build/linux/obj/ndigst) by extension 'ros'
[0.202s] Level 1:colcon.colcon_core.package_identification:_identify(aurora_api/build/linux/obj/ndigst) by extensions ['cmake', 'python']
[0.202s] Level 1:colcon.colcon_core.package_identification:_identify(aurora_api/build/linux/obj/ndigst) by extension 'cmake'
[0.202s] Level 1:colcon.colcon_core.package_identification:_identify(aurora_api/build/linux/obj/ndigst) by extension 'python'
[0.202s] Level 1:colcon.colcon_core.package_identification:_identify(aurora_api/build/linux/obj/ndigst) by extensions ['python_setup_py']
[0.202s] Level 1:colcon.colcon_core.package_identification:_identify(aurora_api/build/linux/obj/ndigst) by extension 'python_setup_py'
[0.202s] Level 1:colcon.colcon_core.package_identification:_identify(aurora_api/build/linux/obj/ndigst/ardemo) by extensions ['ignore', 'ignore_ament_install']
[0.202s] Level 1:colcon.colcon_core.package_identification:_identify(aurora_api/build/linux/obj/ndigst/ardemo) by extension 'ignore'
[0.202s] Level 1:colcon.colcon_core.package_identification:_identify(aurora_api/build/linux/obj/ndigst/ardemo) by extension 'ignore_ament_install'
[0.202s] Level 1:colcon.colcon_core.package_identification:_identify(aurora_api/build/linux/obj/ndigst/ardemo) by extensions ['colcon_pkg']
[0.202s] Level 1:colcon.colcon_core.package_identification:_identify(aurora_api/build/linux/obj/ndigst/ardemo) by extension 'colcon_pkg'
[0.202s] Level 1:colcon.colcon_core.package_identification:_identify(aurora_api/build/linux/obj/ndigst/ardemo) by extensions ['colcon_meta']
[0.202s] Level 1:colcon.colcon_core.package_identification:_identify(aurora_api/build/linux/obj/ndigst/ardemo) by extension 'colcon_meta'
[0.202s] Level 1:colcon.colcon_core.package_identification:_identify(aurora_api/build/linux/obj/ndigst/ardemo) by extensions ['ros']
[0.202s] Level 1:colcon.colcon_core.package_identification:_identify(aurora_api/build/linux/obj/ndigst/ardemo) by extension 'ros'
[0.202s] Level 1:colcon.colcon_core.package_identification:_identify(aurora_api/build/linux/obj/ndigst/ardemo) by extensions ['cmake', 'python']
[0.202s] Level 1:colcon.colcon_core.package_identification:_identify(aurora_api/build/linux/obj/ndigst/ardemo) by extension 'cmake'
[0.202s] Level 1:colcon.colcon_core.package_identification:_identify(aurora_api/build/linux/obj/ndigst/ardemo) by extension 'python'
[0.202s] Level 1:colcon.colcon_core.package_identification:_identify(aurora_api/build/linux/obj/ndigst/ardemo) by extensions ['python_setup_py']
[0.202s] Level 1:colcon.colcon_core.package_identification:_identify(aurora_api/build/linux/obj/ndigst/ardemo) by extension 'python_setup_py'
[0.202s] Level 1:colcon.colcon_core.package_identification:_identify(aurora_api/build/linux/obj/ndigst/capitogst) by extensions ['ignore', 'ignore_ament_install']
[0.202s] Level 1:colcon.colcon_core.package_identification:_identify(aurora_api/build/linux/obj/ndigst/capitogst) by extension 'ignore'
[0.202s] Level 1:colcon.colcon_core.package_identification:_identify(aurora_api/build/linux/obj/ndigst/capitogst) by extension 'ignore_ament_install'
[0.202s] Level 1:colcon.colcon_core.package_identification:_identify(aurora_api/build/linux/obj/ndigst/capitogst) by extensions ['colcon_pkg']
[0.202s] Level 1:colcon.colcon_core.package_identification:_identify(aurora_api/build/linux/obj/ndigst/capitogst) by extension 'colcon_pkg'
[0.202s] Level 1:colcon.colcon_core.package_identification:_identify(aurora_api/build/linux/obj/ndigst/capitogst) by extensions ['colcon_meta']
[0.202s] Level 1:colcon.colcon_core.package_identification:_identify(aurora_api/build/linux/obj/ndigst/capitogst) by extension 'colcon_meta'
[0.202s] Level 1:colcon.colcon_core.package_identification:_identify(aurora_api/build/linux/obj/ndigst/capitogst) by extensions ['ros']
[0.202s] Level 1:colcon.colcon_core.package_identification:_identify(aurora_api/build/linux/obj/ndigst/capitogst) by extension 'ros'
[0.202s] Level 1:colcon.colcon_core.package_identification:_identify(aurora_api/build/linux/obj/ndigst/capitogst) by extensions ['cmake', 'python']
[0.202s] Level 1:colcon.colcon_core.package_identification:_identify(aurora_api/build/linux/obj/ndigst/capitogst) by extension 'cmake'
[0.202s] Level 1:colcon.colcon_core.package_identification:_identify(aurora_api/build/linux/obj/ndigst/capitogst) by extension 'python'
[0.202s] Level 1:colcon.colcon_core.package_identification:_identify(aurora_api/build/linux/obj/ndigst/capitogst) by extensions ['python_setup_py']
[0.202s] Level 1:colcon.colcon_core.package_identification:_identify(aurora_api/build/linux/obj/ndigst/capitogst) by extension 'python_setup_py'
[0.202s] Level 1:colcon.colcon_core.package_identification:_identify(aurora_api/build/linux/obj/ndigst/ndielems) by extensions ['ignore', 'ignore_ament_install']
[0.202s] Level 1:colcon.colcon_core.package_identification:_identify(aurora_api/build/linux/obj/ndigst/ndielems) by extension 'ignore'
[0.202s] Level 1:colcon.colcon_core.package_identification:_identify(aurora_api/build/linux/obj/ndigst/ndielems) by extension 'ignore_ament_install'
[0.202s] Level 1:colcon.colcon_core.package_identification:_identify(aurora_api/build/linux/obj/ndigst/ndielems) by extensions ['colcon_pkg']
[0.203s] Level 1:colcon.colcon_core.package_identification:_identify(aurora_api/build/linux/obj/ndigst/ndielems) by extension 'colcon_pkg'
[0.203s] Level 1:colcon.colcon_core.package_identification:_identify(aurora_api/build/linux/obj/ndigst/ndielems) by extensions ['colcon_meta']
[0.203s] Level 1:colcon.colcon_core.package_identification:_identify(aurora_api/build/linux/obj/ndigst/ndielems) by extension 'colcon_meta'
[0.203s] Level 1:colcon.colcon_core.package_identification:_identify(aurora_api/build/linux/obj/ndigst/ndielems) by extensions ['ros']
[0.203s] Level 1:colcon.colcon_core.package_identification:_identify(aurora_api/build/linux/obj/ndigst/ndielems) by extension 'ros'
[0.203s] Level 1:colcon.colcon_core.package_identification:_identify(aurora_api/build/linux/obj/ndigst/ndielems) by extensions ['cmake', 'python']
[0.203s] Level 1:colcon.colcon_core.package_identification:_identify(aurora_api/build/linux/obj/ndigst/ndielems) by extension 'cmake'
[0.203s] Level 1:colcon.colcon_core.package_identification:_identify(aurora_api/build/linux/obj/ndigst/ndielems) by extension 'python'
[0.203s] Level 1:colcon.colcon_core.package_identification:_identify(aurora_api/build/linux/obj/ndigst/ndielems) by extensions ['python_setup_py']
[0.203s] Level 1:colcon.colcon_core.package_identification:_identify(aurora_api/build/linux/obj/ndigst/ndielems) by extension 'python_setup_py'
[0.203s] Level 1:colcon.colcon_core.package_identification:_identify(aurora_api/build/linux/obj/sample) by extensions ['ignore', 'ignore_ament_install']
[0.203s] Level 1:colcon.colcon_core.package_identification:_identify(aurora_api/build/linux/obj/sample) by extension 'ignore'
[0.203s] Level 1:colcon.colcon_core.package_identification:_identify(aurora_api/build/linux/obj/sample) by extension 'ignore_ament_install'
[0.203s] Level 1:colcon.colcon_core.package_identification:_identify(aurora_api/build/linux/obj/sample) by extensions ['colcon_pkg']
[0.203s] Level 1:colcon.colcon_core.package_identification:_identify(aurora_api/build/linux/obj/sample) by extension 'colcon_pkg'
[0.203s] Level 1:colcon.colcon_core.package_identification:_identify(aurora_api/build/linux/obj/sample) by extensions ['colcon_meta']
[0.203s] Level 1:colcon.colcon_core.package_identification:_identify(aurora_api/build/linux/obj/sample) by extension 'colcon_meta'
[0.203s] Level 1:colcon.colcon_core.package_identification:_identify(aurora_api/build/linux/obj/sample) by extensions ['ros']
[0.203s] Level 1:colcon.colcon_core.package_identification:_identify(aurora_api/build/linux/obj/sample) by extension 'ros'
[0.203s] Level 1:colcon.colcon_core.package_identification:_identify(aurora_api/build/linux/obj/sample) by extensions ['cmake', 'python']
[0.203s] Level 1:colcon.colcon_core.package_identification:_identify(aurora_api/build/linux/obj/sample) by extension 'cmake'
[0.203s] Level 1:colcon.colcon_core.package_identification:_identify(aurora_api/build/linux/obj/sample) by extension 'python'
[0.203s] Level 1:colcon.colcon_core.package_identification:_identify(aurora_api/build/linux/obj/sample) by extensions ['python_setup_py']
[0.203s] Level 1:colcon.colcon_core.package_identification:_identify(aurora_api/build/linux/obj/sample) by extension 'python_setup_py'
[0.203s] Level 1:colcon.colcon_core.package_identification:_identify(aurora_api/build/linux/obj/sample/src) by extensions ['ignore', 'ignore_ament_install']
[0.203s] Level 1:colcon.colcon_core.package_identification:_identify(aurora_api/build/linux/obj/sample/src) by extension 'ignore'
[0.203s] Level 1:colcon.colcon_core.package_identification:_identify(aurora_api/build/linux/obj/sample/src) by extension 'ignore_ament_install'
[0.203s] Level 1:colcon.colcon_core.package_identification:_identify(aurora_api/build/linux/obj/sample/src) by extensions ['colcon_pkg']
[0.203s] Level 1:colcon.colcon_core.package_identification:_identify(aurora_api/build/linux/obj/sample/src) by extension 'colcon_pkg'
[0.203s] Level 1:colcon.colcon_core.package_identification:_identify(aurora_api/build/linux/obj/sample/src) by extensions ['colcon_meta']
[0.203s] Level 1:colcon.colcon_core.package_identification:_identify(aurora_api/build/linux/obj/sample/src) by extension 'colcon_meta'
[0.203s] Level 1:colcon.colcon_core.package_identification:_identify(aurora_api/build/linux/obj/sample/src) by extensions ['ros']
[0.203s] Level 1:colcon.colcon_core.package_identification:_identify(aurora_api/build/linux/obj/sample/src) by extension 'ros'
[0.203s] Level 1:colcon.colcon_core.package_identification:_identify(aurora_api/build/linux/obj/sample/src) by extensions ['cmake', 'python']
[0.203s] Level 1:colcon.colcon_core.package_identification:_identify(aurora_api/build/linux/obj/sample/src) by extension 'cmake'
[0.203s] Level 1:colcon.colcon_core.package_identification:_identify(aurora_api/build/linux/obj/sample/src) by extension 'python'
[0.203s] Level 1:colcon.colcon_core.package_identification:_identify(aurora_api/build/linux/obj/sample/src) by extensions ['python_setup_py']
[0.203s] Level 1:colcon.colcon_core.package_identification:_identify(aurora_api/build/linux/obj/sample/src) by extension 'python_setup_py'
[0.203s] Level 1:colcon.colcon_core.package_identification:_identify(aurora_api/library) by extensions ['ignore', 'ignore_ament_install']
[0.203s] Level 1:colcon.colcon_core.package_identification:_identify(aurora_api/library) by extension 'ignore'
[0.203s] Level 1:colcon.colcon_core.package_identification:_identify(aurora_api/library) by extension 'ignore_ament_install'
[0.203s] Level 1:colcon.colcon_core.package_identification:_identify(aurora_api/library) by extensions ['colcon_pkg']
[0.203s] Level 1:colcon.colcon_core.package_identification:_identify(aurora_api/library) by extension 'colcon_pkg'
[0.203s] Level 1:colcon.colcon_core.package_identification:_identify(aurora_api/library) by extensions ['colcon_meta']
[0.203s] Level 1:colcon.colcon_core.package_identification:_identify(aurora_api/library) by extension 'colcon_meta'
[0.203s] Level 1:colcon.colcon_core.package_identification:_identify(aurora_api/library) by extensions ['ros']
[0.203s] Level 1:colcon.colcon_core.package_identification:_identify(aurora_api/library) by extension 'ros'
[0.203s] Level 1:colcon.colcon_core.package_identification:_identify(aurora_api/library) by extensions ['cmake', 'python']
[0.203s] Level 1:colcon.colcon_core.package_identification:_identify(aurora_api/library) by extension 'cmake'
[0.203s] Level 1:colcon.colcon_core.package_identification:_identify(aurora_api/library) by extension 'python'
[0.203s] Level 1:colcon.colcon_core.package_identification:_identify(aurora_api/library) by extensions ['python_setup_py']
[0.203s] Level 1:colcon.colcon_core.package_identification:_identify(aurora_api/library) by extension 'python_setup_py'
[0.204s] Level 1:colcon.colcon_core.package_identification:_identify(aurora_api/library/include) by extensions ['ignore', 'ignore_ament_install']
[0.204s] Level 1:colcon.colcon_core.package_identification:_identify(aurora_api/library/include) by extension 'ignore'
[0.204s] Level 1:colcon.colcon_core.package_identification:_identify(aurora_api/library/include) by extension 'ignore_ament_install'
[0.204s] Level 1:colcon.colcon_core.package_identification:_identify(aurora_api/library/include) by extensions ['colcon_pkg']
[0.204s] Level 1:colcon.colcon_core.package_identification:_identify(aurora_api/library/include) by extension 'colcon_pkg'
[0.204s] Level 1:colcon.colcon_core.package_identification:_identify(aurora_api/library/include) by extensions ['colcon_meta']
[0.204s] Level 1:colcon.colcon_core.package_identification:_identify(aurora_api/library/include) by extension 'colcon_meta'
[0.204s] Level 1:colcon.colcon_core.package_identification:_identify(aurora_api/library/include) by extensions ['ros']
[0.204s] Level 1:colcon.colcon_core.package_identification:_identify(aurora_api/library/include) by extension 'ros'
[0.204s] Level 1:colcon.colcon_core.package_identification:_identify(aurora_api/library/include) by extensions ['cmake', 'python']
[0.204s] Level 1:colcon.colcon_core.package_identification:_identify(aurora_api/library/include) by extension 'cmake'
[0.204s] Level 1:colcon.colcon_core.package_identification:_identify(aurora_api/library/include) by extension 'python'
[0.204s] Level 1:colcon.colcon_core.package_identification:_identify(aurora_api/library/include) by extensions ['python_setup_py']
[0.204s] Level 1:colcon.colcon_core.package_identification:_identify(aurora_api/library/include) by extension 'python_setup_py'
[0.204s] Level 1:colcon.colcon_core.package_identification:_identify(aurora_api/library/src) by extensions ['ignore', 'ignore_ament_install']
[0.204s] Level 1:colcon.colcon_core.package_identification:_identify(aurora_api/library/src) by extension 'ignore'
[0.204s] Level 1:colcon.colcon_core.package_identification:_identify(aurora_api/library/src) by extension 'ignore_ament_install'
[0.204s] Level 1:colcon.colcon_core.package_identification:_identify(aurora_api/library/src) by extensions ['colcon_pkg']
[0.204s] Level 1:colcon.colcon_core.package_identification:_identify(aurora_api/library/src) by extension 'colcon_pkg'
[0.204s] Level 1:colcon.colcon_core.package_identification:_identify(aurora_api/library/src) by extensions ['colcon_meta']
[0.204s] Level 1:colcon.colcon_core.package_identification:_identify(aurora_api/library/src) by extension 'colcon_meta'
[0.204s] Level 1:colcon.colcon_core.package_identification:_identify(aurora_api/library/src) by extensions ['ros']
[0.204s] Level 1:colcon.colcon_core.package_identification:_identify(aurora_api/library/src) by extension 'ros'
[0.204s] Level 1:colcon.colcon_core.package_identification:_identify(aurora_api/library/src) by extensions ['cmake', 'python']
[0.204s] Level 1:colcon.colcon_core.package_identification:_identify(aurora_api/library/src) by extension 'cmake'
[0.204s] Level 1:colcon.colcon_core.package_identification:_identify(aurora_api/library/src) by extension 'python'
[0.204s] Level 1:colcon.colcon_core.package_identification:_identify(aurora_api/library/src) by extensions ['python_setup_py']
[0.204s] Level 1:colcon.colcon_core.package_identification:_identify(aurora_api/library/src) by extension 'python_setup_py'
[0.204s] Level 1:colcon.colcon_core.package_identification:_identify(aurora_api/library/src/include) by extensions ['ignore', 'ignore_ament_install']
[0.204s] Level 1:colcon.colcon_core.package_identification:_identify(aurora_api/library/src/include) by extension 'ignore'
[0.204s] Level 1:colcon.colcon_core.package_identification:_identify(aurora_api/library/src/include) by extension 'ignore_ament_install'
[0.204s] Level 1:colcon.colcon_core.package_identification:_identify(aurora_api/library/src/include) by extensions ['colcon_pkg']
[0.204s] Level 1:colcon.colcon_core.package_identification:_identify(aurora_api/library/src/include) by extension 'colcon_pkg'
[0.204s] Level 1:colcon.colcon_core.package_identification:_identify(aurora_api/library/src/include) by extensions ['colcon_meta']
[0.204s] Level 1:colcon.colcon_core.package_identification:_identify(aurora_api/library/src/include) by extension 'colcon_meta'
[0.204s] Level 1:colcon.colcon_core.package_identification:_identify(aurora_api/library/src/include) by extensions ['ros']
[0.204s] Level 1:colcon.colcon_core.package_identification:_identify(aurora_api/library/src/include) by extension 'ros'
[0.204s] Level 1:colcon.colcon_core.package_identification:_identify(aurora_api/library/src/include) by extensions ['cmake', 'python']
[0.204s] Level 1:colcon.colcon_core.package_identification:_identify(aurora_api/library/src/include) by extension 'cmake'
[0.204s] Level 1:colcon.colcon_core.package_identification:_identify(aurora_api/library/src/include) by extension 'python'
[0.204s] Level 1:colcon.colcon_core.package_identification:_identify(aurora_api/library/src/include) by extensions ['python_setup_py']
[0.204s] Level 1:colcon.colcon_core.package_identification:_identify(aurora_api/library/src/include) by extension 'python_setup_py'
[0.204s] Level 1:colcon.colcon_core.package_identification:_identify(aurora_api/ndigst) by extensions ['ignore', 'ignore_ament_install']
[0.204s] Level 1:colcon.colcon_core.package_identification:_identify(aurora_api/ndigst) by extension 'ignore'
[0.204s] Level 1:colcon.colcon_core.package_identification:_identify(aurora_api/ndigst) by extension 'ignore_ament_install'
[0.204s] Level 1:colcon.colcon_core.package_identification:_identify(aurora_api/ndigst) by extensions ['colcon_pkg']
[0.204s] Level 1:colcon.colcon_core.package_identification:_identify(aurora_api/ndigst) by extension 'colcon_pkg'
[0.205s] Level 1:colcon.colcon_core.package_identification:_identify(aurora_api/ndigst) by extensions ['colcon_meta']
[0.205s] Level 1:colcon.colcon_core.package_identification:_identify(aurora_api/ndigst) by extension 'colcon_meta'
[0.205s] Level 1:colcon.colcon_core.package_identification:_identify(aurora_api/ndigst) by extensions ['ros']
[0.205s] Level 1:colcon.colcon_core.package_identification:_identify(aurora_api/ndigst) by extension 'ros'
[0.205s] Level 1:colcon.colcon_core.package_identification:_identify(aurora_api/ndigst) by extensions ['cmake', 'python']
[0.205s] Level 1:colcon.colcon_core.package_identification:_identify(aurora_api/ndigst) by extension 'cmake'
[0.205s] Level 1:colcon.colcon_core.package_identification:_identify(aurora_api/ndigst) by extension 'python'
[0.205s] Level 1:colcon.colcon_core.package_identification:_identify(aurora_api/ndigst) by extensions ['python_setup_py']
[0.205s] Level 1:colcon.colcon_core.package_identification:_identify(aurora_api/ndigst) by extension 'python_setup_py'
[0.205s] Level 1:colcon.colcon_core.package_identification:_identify(aurora_api/ndigst/ardemo) by extensions ['ignore', 'ignore_ament_install']
[0.205s] Level 1:colcon.colcon_core.package_identification:_identify(aurora_api/ndigst/ardemo) by extension 'ignore'
[0.205s] Level 1:colcon.colcon_core.package_identification:_identify(aurora_api/ndigst/ardemo) by extension 'ignore_ament_install'
[0.205s] Level 1:colcon.colcon_core.package_identification:_identify(aurora_api/ndigst/ardemo) by extensions ['colcon_pkg']
[0.205s] Level 1:colcon.colcon_core.package_identification:_identify(aurora_api/ndigst/ardemo) by extension 'colcon_pkg'
[0.205s] Level 1:colcon.colcon_core.package_identification:_identify(aurora_api/ndigst/ardemo) by extensions ['colcon_meta']
[0.205s] Level 1:colcon.colcon_core.package_identification:_identify(aurora_api/ndigst/ardemo) by extension 'colcon_meta'
[0.205s] Level 1:colcon.colcon_core.package_identification:_identify(aurora_api/ndigst/ardemo) by extensions ['ros']
[0.205s] Level 1:colcon.colcon_core.package_identification:_identify(aurora_api/ndigst/ardemo) by extension 'ros'
[0.205s] Level 1:colcon.colcon_core.package_identification:_identify(aurora_api/ndigst/ardemo) by extensions ['cmake', 'python']
[0.205s] Level 1:colcon.colcon_core.package_identification:_identify(aurora_api/ndigst/ardemo) by extension 'cmake'
[0.205s] Level 1:colcon.colcon_core.package_identification:_identify(aurora_api/ndigst/ardemo) by extension 'python'
[0.205s] Level 1:colcon.colcon_core.package_identification:_identify(aurora_api/ndigst/ardemo) by extensions ['python_setup_py']
[0.205s] Level 1:colcon.colcon_core.package_identification:_identify(aurora_api/ndigst/ardemo) by extension 'python_setup_py'
[0.205s] Level 1:colcon.colcon_core.package_identification:_identify(aurora_api/ndigst/bin) by extensions ['ignore', 'ignore_ament_install']
[0.205s] Level 1:colcon.colcon_core.package_identification:_identify(aurora_api/ndigst/bin) by extension 'ignore'
[0.205s] Level 1:colcon.colcon_core.package_identification:_identify(aurora_api/ndigst/bin) by extension 'ignore_ament_install'
[0.205s] Level 1:colcon.colcon_core.package_identification:_identify(aurora_api/ndigst/bin) by extensions ['colcon_pkg']
[0.205s] Level 1:colcon.colcon_core.package_identification:_identify(aurora_api/ndigst/bin) by extension 'colcon_pkg'
[0.205s] Level 1:colcon.colcon_core.package_identification:_identify(aurora_api/ndigst/bin) by extensions ['colcon_meta']
[0.205s] Level 1:colcon.colcon_core.package_identification:_identify(aurora_api/ndigst/bin) by extension 'colcon_meta'
[0.205s] Level 1:colcon.colcon_core.package_identification:_identify(aurora_api/ndigst/bin) by extensions ['ros']
[0.205s] Level 1:colcon.colcon_core.package_identification:_identify(aurora_api/ndigst/bin) by extension 'ros'
[0.205s] Level 1:colcon.colcon_core.package_identification:_identify(aurora_api/ndigst/bin) by extensions ['cmake', 'python']
[0.205s] Level 1:colcon.colcon_core.package_identification:_identify(aurora_api/ndigst/bin) by extension 'cmake'
[0.205s] Level 1:colcon.colcon_core.package_identification:_identify(aurora_api/ndigst/bin) by extension 'python'
[0.205s] Level 1:colcon.colcon_core.package_identification:_identify(aurora_api/ndigst/bin) by extensions ['python_setup_py']
[0.205s] Level 1:colcon.colcon_core.package_identification:_identify(aurora_api/ndigst/bin) by extension 'python_setup_py'
[0.205s] Level 1:colcon.colcon_core.package_identification:_identify(aurora_api/ndigst/capitogst) by extensions ['ignore', 'ignore_ament_install']
[0.205s] Level 1:colcon.colcon_core.package_identification:_identify(aurora_api/ndigst/capitogst) by extension 'ignore'
[0.205s] Level 1:colcon.colcon_core.package_identification:_identify(aurora_api/ndigst/capitogst) by extension 'ignore_ament_install'
[0.205s] Level 1:colcon.colcon_core.package_identification:_identify(aurora_api/ndigst/capitogst) by extensions ['colcon_pkg']
[0.205s] Level 1:colcon.colcon_core.package_identification:_identify(aurora_api/ndigst/capitogst) by extension 'colcon_pkg'
[0.205s] Level 1:colcon.colcon_core.package_identification:_identify(aurora_api/ndigst/capitogst) by extensions ['colcon_meta']
[0.205s] Level 1:colcon.colcon_core.package_identification:_identify(aurora_api/ndigst/capitogst) by extension 'colcon_meta'
[0.205s] Level 1:colcon.colcon_core.package_identification:_identify(aurora_api/ndigst/capitogst) by extensions ['ros']
[0.205s] Level 1:colcon.colcon_core.package_identification:_identify(aurora_api/ndigst/capitogst) by extension 'ros'
[0.205s] Level 1:colcon.colcon_core.package_identification:_identify(aurora_api/ndigst/capitogst) by extensions ['cmake', 'python']
[0.205s] Level 1:colcon.colcon_core.package_identification:_identify(aurora_api/ndigst/capitogst) by extension 'cmake'
[0.205s] Level 1:colcon.colcon_core.package_identification:_identify(aurora_api/ndigst/capitogst) by extension 'python'
[0.205s] Level 1:colcon.colcon_core.package_identification:_identify(aurora_api/ndigst/capitogst) by extensions ['python_setup_py']
[0.205s] Level 1:colcon.colcon_core.package_identification:_identify(aurora_api/ndigst/capitogst) by extension 'python_setup_py'
[0.206s] Level 1:colcon.colcon_core.package_identification:_identify(aurora_api/ndigst/capitogst/flatbuffer) by extensions ['ignore', 'ignore_ament_install']
[0.206s] Level 1:colcon.colcon_core.package_identification:_identify(aurora_api/ndigst/capitogst/flatbuffer) by extension 'ignore'
[0.206s] Level 1:colcon.colcon_core.package_identification:_identify(aurora_api/ndigst/capitogst/flatbuffer) by extension 'ignore_ament_install'
[0.206s] Level 1:colcon.colcon_core.package_identification:_identify(aurora_api/ndigst/capitogst/flatbuffer) by extensions ['colcon_pkg']
[0.206s] Level 1:colcon.colcon_core.package_identification:_identify(aurora_api/ndigst/capitogst/flatbuffer) by extension 'colcon_pkg'
[0.206s] Level 1:colcon.colcon_core.package_identification:_identify(aurora_api/ndigst/capitogst/flatbuffer) by extensions ['colcon_meta']
[0.206s] Level 1:colcon.colcon_core.package_identification:_identify(aurora_api/ndigst/capitogst/flatbuffer) by extension 'colcon_meta'
[0.206s] Level 1:colcon.colcon_core.package_identification:_identify(aurora_api/ndigst/capitogst/flatbuffer) by extensions ['ros']
[0.206s] Level 1:colcon.colcon_core.package_identification:_identify(aurora_api/ndigst/capitogst/flatbuffer) by extension 'ros'
[0.206s] Level 1:colcon.colcon_core.package_identification:_identify(aurora_api/ndigst/capitogst/flatbuffer) by extensions ['cmake', 'python']
[0.206s] Level 1:colcon.colcon_core.package_identification:_identify(aurora_api/ndigst/capitogst/flatbuffer) by extension 'cmake'
[0.206s] Level 1:colcon.colcon_core.package_identification:_identify(aurora_api/ndigst/capitogst/flatbuffer) by extension 'python'
[0.206s] Level 1:colcon.colcon_core.package_identification:_identify(aurora_api/ndigst/capitogst/flatbuffer) by extensions ['python_setup_py']
[0.206s] Level 1:colcon.colcon_core.package_identification:_identify(aurora_api/ndigst/capitogst/flatbuffer) by extension 'python_setup_py'
[0.206s] Level 1:colcon.colcon_core.package_identification:_identify(aurora_api/ndigst/capitogst/flatbuffer/fbheaders) by extensions ['ignore', 'ignore_ament_install']
[0.206s] Level 1:colcon.colcon_core.package_identification:_identify(aurora_api/ndigst/capitogst/flatbuffer/fbheaders) by extension 'ignore'
[0.206s] Level 1:colcon.colcon_core.package_identification:_identify(aurora_api/ndigst/capitogst/flatbuffer/fbheaders) by extension 'ignore_ament_install'
[0.206s] Level 1:colcon.colcon_core.package_identification:_identify(aurora_api/ndigst/capitogst/flatbuffer/fbheaders) by extensions ['colcon_pkg']
[0.206s] Level 1:colcon.colcon_core.package_identification:_identify(aurora_api/ndigst/capitogst/flatbuffer/fbheaders) by extension 'colcon_pkg'
[0.206s] Level 1:colcon.colcon_core.package_identification:_identify(aurora_api/ndigst/capitogst/flatbuffer/fbheaders) by extensions ['colcon_meta']
[0.206s] Level 1:colcon.colcon_core.package_identification:_identify(aurora_api/ndigst/capitogst/flatbuffer/fbheaders) by extension 'colcon_meta'
[0.206s] Level 1:colcon.colcon_core.package_identification:_identify(aurora_api/ndigst/capitogst/flatbuffer/fbheaders) by extensions ['ros']
[0.206s] Level 1:colcon.colcon_core.package_identification:_identify(aurora_api/ndigst/capitogst/flatbuffer/fbheaders) by extension 'ros'
[0.206s] Level 1:colcon.colcon_core.package_identification:_identify(aurora_api/ndigst/capitogst/flatbuffer/fbheaders) by extensions ['cmake', 'python']
[0.206s] Level 1:colcon.colcon_core.package_identification:_identify(aurora_api/ndigst/capitogst/flatbuffer/fbheaders) by extension 'cmake'
[0.206s] Level 1:colcon.colcon_core.package_identification:_identify(aurora_api/ndigst/capitogst/flatbuffer/fbheaders) by extension 'python'
[0.206s] Level 1:colcon.colcon_core.package_identification:_identify(aurora_api/ndigst/capitogst/flatbuffer/fbheaders) by extensions ['python_setup_py']
[0.206s] Level 1:colcon.colcon_core.package_identification:_identify(aurora_api/ndigst/capitogst/flatbuffer/fbheaders) by extension 'python_setup_py'
[0.206s] Level 1:colcon.colcon_core.package_identification:_identify(aurora_api/ndigst/doc) by extensions ['ignore', 'ignore_ament_install']
[0.206s] Level 1:colcon.colcon_core.package_identification:_identify(aurora_api/ndigst/doc) by extension 'ignore'
[0.206s] Level 1:colcon.colcon_core.package_identification:_identify(aurora_api/ndigst/doc) by extension 'ignore_ament_install'
[0.206s] Level 1:colcon.colcon_core.package_identification:_identify(aurora_api/ndigst/doc) by extensions ['colcon_pkg']
[0.206s] Level 1:colcon.colcon_core.package_identification:_identify(aurora_api/ndigst/doc) by extension 'colcon_pkg'
[0.206s] Level 1:colcon.colcon_core.package_identification:_identify(aurora_api/ndigst/doc) by extensions ['colcon_meta']
[0.206s] Level 1:colcon.colcon_core.package_identification:_identify(aurora_api/ndigst/doc) by extension 'colcon_meta'
[0.206s] Level 1:colcon.colcon_core.package_identification:_identify(aurora_api/ndigst/doc) by extensions ['ros']
[0.206s] Level 1:colcon.colcon_core.package_identification:_identify(aurora_api/ndigst/doc) by extension 'ros'
[0.206s] Level 1:colcon.colcon_core.package_identification:_identify(aurora_api/ndigst/doc) by extensions ['cmake', 'python']
[0.206s] Level 1:colcon.colcon_core.package_identification:_identify(aurora_api/ndigst/doc) by extension 'cmake'
[0.206s] Level 1:colcon.colcon_core.package_identification:_identify(aurora_api/ndigst/doc) by extension 'python'
[0.206s] Level 1:colcon.colcon_core.package_identification:_identify(aurora_api/ndigst/doc) by extensions ['python_setup_py']
[0.206s] Level 1:colcon.colcon_core.package_identification:_identify(aurora_api/ndigst/doc) by extension 'python_setup_py'
[0.206s] Level 1:colcon.colcon_core.package_identification:_identify(aurora_api/ndigst/external) by extensions ['ignore', 'ignore_ament_install']
[0.206s] Level 1:colcon.colcon_core.package_identification:_identify(aurora_api/ndigst/external) by extension 'ignore'
[0.206s] Level 1:colcon.colcon_core.package_identification:_identify(aurora_api/ndigst/external) by extension 'ignore_ament_install'
[0.206s] Level 1:colcon.colcon_core.package_identification:_identify(aurora_api/ndigst/external) by extensions ['colcon_pkg']
[0.206s] Level 1:colcon.colcon_core.package_identification:_identify(aurora_api/ndigst/external) by extension 'colcon_pkg'
[0.206s] Level 1:colcon.colcon_core.package_identification:_identify(aurora_api/ndigst/external) by extensions ['colcon_meta']
[0.206s] Level 1:colcon.colcon_core.package_identification:_identify(aurora_api/ndigst/external) by extension 'colcon_meta'
[0.206s] Level 1:colcon.colcon_core.package_identification:_identify(aurora_api/ndigst/external) by extensions ['ros']
[0.207s] Level 1:colcon.colcon_core.package_identification:_identify(aurora_api/ndigst/external) by extension 'ros'
[0.207s] Level 1:colcon.colcon_core.package_identification:_identify(aurora_api/ndigst/external) by extensions ['cmake', 'python']
[0.207s] Level 1:colcon.colcon_core.package_identification:_identify(aurora_api/ndigst/external) by extension 'cmake'
[0.207s] Level 1:colcon.colcon_core.package_identification:_identify(aurora_api/ndigst/external) by extension 'python'
[0.207s] Level 1:colcon.colcon_core.package_identification:_identify(aurora_api/ndigst/external) by extensions ['python_setup_py']
[0.207s] Level 1:colcon.colcon_core.package_identification:_identify(aurora_api/ndigst/external) by extension 'python_setup_py'
[0.207s] Level 1:colcon.colcon_core.package_identification:_identify(aurora_api/ndigst/external/flatcc) by extensions ['ignore', 'ignore_ament_install']
[0.207s] Level 1:colcon.colcon_core.package_identification:_identify(aurora_api/ndigst/external/flatcc) by extension 'ignore'
[0.207s] Level 1:colcon.colcon_core.package_identification:_identify(aurora_api/ndigst/external/flatcc) by extension 'ignore_ament_install'
[0.207s] Level 1:colcon.colcon_core.package_identification:_identify(aurora_api/ndigst/external/flatcc) by extensions ['colcon_pkg']
[0.207s] Level 1:colcon.colcon_core.package_identification:_identify(aurora_api/ndigst/external/flatcc) by extension 'colcon_pkg'
[0.207s] Level 1:colcon.colcon_core.package_identification:_identify(aurora_api/ndigst/external/flatcc) by extensions ['colcon_meta']
[0.207s] Level 1:colcon.colcon_core.package_identification:_identify(aurora_api/ndigst/external/flatcc) by extension 'colcon_meta'
[0.207s] Level 1:colcon.colcon_core.package_identification:_identify(aurora_api/ndigst/external/flatcc) by extensions ['ros']
[0.207s] Level 1:colcon.colcon_core.package_identification:_identify(aurora_api/ndigst/external/flatcc) by extension 'ros'
[0.207s] Level 1:colcon.colcon_core.package_identification:_identify(aurora_api/ndigst/external/flatcc) by extensions ['cmake', 'python']
[0.207s] Level 1:colcon.colcon_core.package_identification:_identify(aurora_api/ndigst/external/flatcc) by extension 'cmake'
[0.207s] Level 1:colcon.colcon_core.package_identification:_identify(aurora_api/ndigst/external/flatcc) by extension 'python'
[0.207s] Level 1:colcon.colcon_core.package_identification:_identify(aurora_api/ndigst/external/flatcc) by extensions ['python_setup_py']
[0.207s] Level 1:colcon.colcon_core.package_identification:_identify(aurora_api/ndigst/external/flatcc) by extension 'python_setup_py'
[0.207s] Level 1:colcon.colcon_core.package_identification:_identify(aurora_api/ndigst/external/flatcc/include) by extensions ['ignore', 'ignore_ament_install']
[0.207s] Level 1:colcon.colcon_core.package_identification:_identify(aurora_api/ndigst/external/flatcc/include) by extension 'ignore'
[0.207s] Level 1:colcon.colcon_core.package_identification:_identify(aurora_api/ndigst/external/flatcc/include) by extension 'ignore_ament_install'
[0.207s] Level 1:colcon.colcon_core.package_identification:_identify(aurora_api/ndigst/external/flatcc/include) by extensions ['colcon_pkg']
[0.207s] Level 1:colcon.colcon_core.package_identification:_identify(aurora_api/ndigst/external/flatcc/include) by extension 'colcon_pkg'
[0.207s] Level 1:colcon.colcon_core.package_identification:_identify(aurora_api/ndigst/external/flatcc/include) by extensions ['colcon_meta']
[0.207s] Level 1:colcon.colcon_core.package_identification:_identify(aurora_api/ndigst/external/flatcc/include) by extension 'colcon_meta'
[0.207s] Level 1:colcon.colcon_core.package_identification:_identify(aurora_api/ndigst/external/flatcc/include) by extensions ['ros']
[0.207s] Level 1:colcon.colcon_core.package_identification:_identify(aurora_api/ndigst/external/flatcc/include) by extension 'ros'
[0.207s] Level 1:colcon.colcon_core.package_identification:_identify(aurora_api/ndigst/external/flatcc/include) by extensions ['cmake', 'python']
[0.207s] Level 1:colcon.colcon_core.package_identification:_identify(aurora_api/ndigst/external/flatcc/include) by extension 'cmake'
[0.207s] Level 1:colcon.colcon_core.package_identification:_identify(aurora_api/ndigst/external/flatcc/include) by extension 'python'
[0.207s] Level 1:colcon.colcon_core.package_identification:_identify(aurora_api/ndigst/external/flatcc/include) by extensions ['python_setup_py']
[0.207s] Level 1:colcon.colcon_core.package_identification:_identify(aurora_api/ndigst/external/flatcc/include) by extension 'python_setup_py'
[0.207s] Level 1:colcon.colcon_core.package_identification:_identify(aurora_api/ndigst/external/flatcc/include/flatcc) by extensions ['ignore', 'ignore_ament_install']
[0.207s] Level 1:colcon.colcon_core.package_identification:_identify(aurora_api/ndigst/external/flatcc/include/flatcc) by extension 'ignore'
[0.207s] Level 1:colcon.colcon_core.package_identification:_identify(aurora_api/ndigst/external/flatcc/include/flatcc) by extension 'ignore_ament_install'
[0.207s] Level 1:colcon.colcon_core.package_identification:_identify(aurora_api/ndigst/external/flatcc/include/flatcc) by extensions ['colcon_pkg']
[0.207s] Level 1:colcon.colcon_core.package_identification:_identify(aurora_api/ndigst/external/flatcc/include/flatcc) by extension 'colcon_pkg'
[0.207s] Level 1:colcon.colcon_core.package_identification:_identify(aurora_api/ndigst/external/flatcc/include/flatcc) by extensions ['colcon_meta']
[0.207s] Level 1:colcon.colcon_core.package_identification:_identify(aurora_api/ndigst/external/flatcc/include/flatcc) by extension 'colcon_meta'
[0.207s] Level 1:colcon.colcon_core.package_identification:_identify(aurora_api/ndigst/external/flatcc/include/flatcc) by extensions ['ros']
[0.207s] Level 1:colcon.colcon_core.package_identification:_identify(aurora_api/ndigst/external/flatcc/include/flatcc) by extension 'ros'
[0.207s] Level 1:colcon.colcon_core.package_identification:_identify(aurora_api/ndigst/external/flatcc/include/flatcc) by extensions ['cmake', 'python']
[0.207s] Level 1:colcon.colcon_core.package_identification:_identify(aurora_api/ndigst/external/flatcc/include/flatcc) by extension 'cmake'
[0.207s] Level 1:colcon.colcon_core.package_identification:_identify(aurora_api/ndigst/external/flatcc/include/flatcc) by extension 'python'
[0.207s] Level 1:colcon.colcon_core.package_identification:_identify(aurora_api/ndigst/external/flatcc/include/flatcc) by extensions ['python_setup_py']
[0.207s] Level 1:colcon.colcon_core.package_identification:_identify(aurora_api/ndigst/external/flatcc/include/flatcc) by extension 'python_setup_py'
[0.208s] Level 1:colcon.colcon_core.package_identification:_identify(aurora_api/ndigst/external/flatcc/include/flatcc/portable) by extensions ['ignore', 'ignore_ament_install']
[0.208s] Level 1:colcon.colcon_core.package_identification:_identify(aurora_api/ndigst/external/flatcc/include/flatcc/portable) by extension 'ignore'
[0.208s] Level 1:colcon.colcon_core.package_identification:_identify(aurora_api/ndigst/external/flatcc/include/flatcc/portable) by extension 'ignore_ament_install'
[0.208s] Level 1:colcon.colcon_core.package_identification:_identify(aurora_api/ndigst/external/flatcc/include/flatcc/portable) by extensions ['colcon_pkg']
[0.208s] Level 1:colcon.colcon_core.package_identification:_identify(aurora_api/ndigst/external/flatcc/include/flatcc/portable) by extension 'colcon_pkg'
[0.208s] Level 1:colcon.colcon_core.package_identification:_identify(aurora_api/ndigst/external/flatcc/include/flatcc/portable) by extensions ['colcon_meta']
[0.208s] Level 1:colcon.colcon_core.package_identification:_identify(aurora_api/ndigst/external/flatcc/include/flatcc/portable) by extension 'colcon_meta'
[0.208s] Level 1:colcon.colcon_core.package_identification:_identify(aurora_api/ndigst/external/flatcc/include/flatcc/portable) by extensions ['ros']
[0.208s] Level 1:colcon.colcon_core.package_identification:_identify(aurora_api/ndigst/external/flatcc/include/flatcc/portable) by extension 'ros'
[0.208s] Level 1:colcon.colcon_core.package_identification:_identify(aurora_api/ndigst/external/flatcc/include/flatcc/portable) by extensions ['cmake', 'python']
[0.208s] Level 1:colcon.colcon_core.package_identification:_identify(aurora_api/ndigst/external/flatcc/include/flatcc/portable) by extension 'cmake'
[0.208s] Level 1:colcon.colcon_core.package_identification:_identify(aurora_api/ndigst/external/flatcc/include/flatcc/portable) by extension 'python'
[0.208s] Level 1:colcon.colcon_core.package_identification:_identify(aurora_api/ndigst/external/flatcc/include/flatcc/portable) by extensions ['python_setup_py']
[0.208s] Level 1:colcon.colcon_core.package_identification:_identify(aurora_api/ndigst/external/flatcc/include/flatcc/portable) by extension 'python_setup_py'
[0.208s] Level 1:colcon.colcon_core.package_identification:_identify(aurora_api/ndigst/external/flatcc/include/flatcc/portable/include) by extensions ['ignore', 'ignore_ament_install']
[0.208s] Level 1:colcon.colcon_core.package_identification:_identify(aurora_api/ndigst/external/flatcc/include/flatcc/portable/include) by extension 'ignore'
[0.208s] Level 1:colcon.colcon_core.package_identification:_identify(aurora_api/ndigst/external/flatcc/include/flatcc/portable/include) by extension 'ignore_ament_install'
[0.208s] Level 1:colcon.colcon_core.package_identification:_identify(aurora_api/ndigst/external/flatcc/include/flatcc/portable/include) by extensions ['colcon_pkg']
[0.208s] Level 1:colcon.colcon_core.package_identification:_identify(aurora_api/ndigst/external/flatcc/include/flatcc/portable/include) by extension 'colcon_pkg'
[0.208s] Level 1:colcon.colcon_core.package_identification:_identify(aurora_api/ndigst/external/flatcc/include/flatcc/portable/include) by extensions ['colcon_meta']
[0.208s] Level 1:colcon.colcon_core.package_identification:_identify(aurora_api/ndigst/external/flatcc/include/flatcc/portable/include) by extension 'colcon_meta'
[0.208s] Level 1:colcon.colcon_core.package_identification:_identify(aurora_api/ndigst/external/flatcc/include/flatcc/portable/include) by extensions ['ros']
[0.208s] Level 1:colcon.colcon_core.package_identification:_identify(aurora_api/ndigst/external/flatcc/include/flatcc/portable/include) by extension 'ros'
[0.208s] Level 1:colcon.colcon_core.package_identification:_identify(aurora_api/ndigst/external/flatcc/include/flatcc/portable/include) by extensions ['cmake', 'python']
[0.208s] Level 1:colcon.colcon_core.package_identification:_identify(aurora_api/ndigst/external/flatcc/include/flatcc/portable/include) by extension 'cmake'
[0.208s] Level 1:colcon.colcon_core.package_identification:_identify(aurora_api/ndigst/external/flatcc/include/flatcc/portable/include) by extension 'python'
[0.208s] Level 1:colcon.colcon_core.package_identification:_identify(aurora_api/ndigst/external/flatcc/include/flatcc/portable/include) by extensions ['python_setup_py']
[0.208s] Level 1:colcon.colcon_core.package_identification:_identify(aurora_api/ndigst/external/flatcc/include/flatcc/portable/include) by extension 'python_setup_py'
[0.208s] Level 1:colcon.colcon_core.package_identification:_identify(aurora_api/ndigst/external/flatcc/include/flatcc/portable/include/linux) by extensions ['ignore', 'ignore_ament_install']
[0.208s] Level 1:colcon.colcon_core.package_identification:_identify(aurora_api/ndigst/external/flatcc/include/flatcc/portable/include/linux) by extension 'ignore'
[0.208s] Level 1:colcon.colcon_core.package_identification:_identify(aurora_api/ndigst/external/flatcc/include/flatcc/portable/include/linux) by extension 'ignore_ament_install'
[0.208s] Level 1:colcon.colcon_core.package_identification:_identify(aurora_api/ndigst/external/flatcc/include/flatcc/portable/include/linux) by extensions ['colcon_pkg']
[0.208s] Level 1:colcon.colcon_core.package_identification:_identify(aurora_api/ndigst/external/flatcc/include/flatcc/portable/include/linux) by extension 'colcon_pkg'
[0.208s] Level 1:colcon.colcon_core.package_identification:_identify(aurora_api/ndigst/external/flatcc/include/flatcc/portable/include/linux) by extensions ['colcon_meta']
[0.208s] Level 1:colcon.colcon_core.package_identification:_identify(aurora_api/ndigst/external/flatcc/include/flatcc/portable/include/linux) by extension 'colcon_meta'
[0.208s] Level 1:colcon.colcon_core.package_identification:_identify(aurora_api/ndigst/external/flatcc/include/flatcc/portable/include/linux) by extensions ['ros']
[0.208s] Level 1:colcon.colcon_core.package_identification:_identify(aurora_api/ndigst/external/flatcc/include/flatcc/portable/include/linux) by extension 'ros'
[0.208s] Level 1:colcon.colcon_core.package_identification:_identify(aurora_api/ndigst/external/flatcc/include/flatcc/portable/include/linux) by extensions ['cmake', 'python']
[0.208s] Level 1:colcon.colcon_core.package_identification:_identify(aurora_api/ndigst/external/flatcc/include/flatcc/portable/include/linux) by extension 'cmake'
[0.208s] Level 1:colcon.colcon_core.package_identification:_identify(aurora_api/ndigst/external/flatcc/include/flatcc/portable/include/linux) by extension 'python'
[0.208s] Level 1:colcon.colcon_core.package_identification:_identify(aurora_api/ndigst/external/flatcc/include/flatcc/portable/include/linux) by extensions ['python_setup_py']
[0.208s] Level 1:colcon.colcon_core.package_identification:_identify(aurora_api/ndigst/external/flatcc/include/flatcc/portable/include/linux) by extension 'python_setup_py'
[0.208s] Level 1:colcon.colcon_core.package_identification:_identify(aurora_api/ndigst/external/flatcc/include/flatcc/portable/include/std) by extensions ['ignore', 'ignore_ament_install']
[0.208s] Level 1:colcon.colcon_core.package_identification:_identify(aurora_api/ndigst/external/flatcc/include/flatcc/portable/include/std) by extension 'ignore'
[0.208s] Level 1:colcon.colcon_core.package_identification:_identify(aurora_api/ndigst/external/flatcc/include/flatcc/portable/include/std) by extension 'ignore_ament_install'
[0.208s] Level 1:colcon.colcon_core.package_identification:_identify(aurora_api/ndigst/external/flatcc/include/flatcc/portable/include/std) by extensions ['colcon_pkg']
[0.208s] Level 1:colcon.colcon_core.package_identification:_identify(aurora_api/ndigst/external/flatcc/include/flatcc/portable/include/std) by extension 'colcon_pkg'
[0.209s] Level 1:colcon.colcon_core.package_identification:_identify(aurora_api/ndigst/external/flatcc/include/flatcc/portable/include/std) by extensions ['colcon_meta']
[0.209s] Level 1:colcon.colcon_core.package_identification:_identify(aurora_api/ndigst/external/flatcc/include/flatcc/portable/include/std) by extension 'colcon_meta'
[0.209s] Level 1:colcon.colcon_core.package_identification:_identify(aurora_api/ndigst/external/flatcc/include/flatcc/portable/include/std) by extensions ['ros']
[0.209s] Level 1:colcon.colcon_core.package_identification:_identify(aurora_api/ndigst/external/flatcc/include/flatcc/portable/include/std) by extension 'ros'
[0.209s] Level 1:colcon.colcon_core.package_identification:_identify(aurora_api/ndigst/external/flatcc/include/flatcc/portable/include/std) by extensions ['cmake', 'python']
[0.209s] Level 1:colcon.colcon_core.package_identification:_identify(aurora_api/ndigst/external/flatcc/include/flatcc/portable/include/std) by extension 'cmake'
[0.209s] Level 1:colcon.colcon_core.package_identification:_identify(aurora_api/ndigst/external/flatcc/include/flatcc/portable/include/std) by extension 'python'
[0.209s] Level 1:colcon.colcon_core.package_identification:_identify(aurora_api/ndigst/external/flatcc/include/flatcc/portable/include/std) by extensions ['python_setup_py']
[0.209s] Level 1:colcon.colcon_core.package_identification:_identify(aurora_api/ndigst/external/flatcc/include/flatcc/portable/include/std) by extension 'python_setup_py'
[0.209s] Level 1:colcon.colcon_core.package_identification:_identify(aurora_api/ndigst/external/flatcc/include/flatcc/reflection) by extensions ['ignore', 'ignore_ament_install']
[0.209s] Level 1:colcon.colcon_core.package_identification:_identify(aurora_api/ndigst/external/flatcc/include/flatcc/reflection) by extension 'ignore'
[0.209s] Level 1:colcon.colcon_core.package_identification:_identify(aurora_api/ndigst/external/flatcc/include/flatcc/reflection) by extension 'ignore_ament_install'
[0.209s] Level 1:colcon.colcon_core.package_identification:_identify(aurora_api/ndigst/external/flatcc/include/flatcc/reflection) by extensions ['colcon_pkg']
[0.209s] Level 1:colcon.colcon_core.package_identification:_identify(aurora_api/ndigst/external/flatcc/include/flatcc/reflection) by extension 'colcon_pkg'
[0.209s] Level 1:colcon.colcon_core.package_identification:_identify(aurora_api/ndigst/external/flatcc/include/flatcc/reflection) by extensions ['colcon_meta']
[0.209s] Level 1:colcon.colcon_core.package_identification:_identify(aurora_api/ndigst/external/flatcc/include/flatcc/reflection) by extension 'colcon_meta'
[0.209s] Level 1:colcon.colcon_core.package_identification:_identify(aurora_api/ndigst/external/flatcc/include/flatcc/reflection) by extensions ['ros']
[0.209s] Level 1:colcon.colcon_core.package_identification:_identify(aurora_api/ndigst/external/flatcc/include/flatcc/reflection) by extension 'ros'
[0.209s] Level 1:colcon.colcon_core.package_identification:_identify(aurora_api/ndigst/external/flatcc/include/flatcc/reflection) by extensions ['cmake', 'python']
[0.209s] Level 1:colcon.colcon_core.package_identification:_identify(aurora_api/ndigst/external/flatcc/include/flatcc/reflection) by extension 'cmake'
[0.209s] Level 1:colcon.colcon_core.package_identification:_identify(aurora_api/ndigst/external/flatcc/include/flatcc/reflection) by extension 'python'
[0.209s] Level 1:colcon.colcon_core.package_identification:_identify(aurora_api/ndigst/external/flatcc/include/flatcc/reflection) by extensions ['python_setup_py']
[0.209s] Level 1:colcon.colcon_core.package_identification:_identify(aurora_api/ndigst/external/flatcc/include/flatcc/reflection) by extension 'python_setup_py'
[0.209s] Level 1:colcon.colcon_core.package_identification:_identify(aurora_api/ndigst/external/flatcc/include/flatcc/support) by extensions ['ignore', 'ignore_ament_install']
[0.209s] Level 1:colcon.colcon_core.package_identification:_identify(aurora_api/ndigst/external/flatcc/include/flatcc/support) by extension 'ignore'
[0.209s] Level 1:colcon.colcon_core.package_identification:_identify(aurora_api/ndigst/external/flatcc/include/flatcc/support) by extension 'ignore_ament_install'
[0.209s] Level 1:colcon.colcon_core.package_identification:_identify(aurora_api/ndigst/external/flatcc/include/flatcc/support) by extensions ['colcon_pkg']
[0.209s] Level 1:colcon.colcon_core.package_identification:_identify(aurora_api/ndigst/external/flatcc/include/flatcc/support) by extension 'colcon_pkg'
[0.209s] Level 1:colcon.colcon_core.package_identification:_identify(aurora_api/ndigst/external/flatcc/include/flatcc/support) by extensions ['colcon_meta']
[0.209s] Level 1:colcon.colcon_core.package_identification:_identify(aurora_api/ndigst/external/flatcc/include/flatcc/support) by extension 'colcon_meta'
[0.209s] Level 1:colcon.colcon_core.package_identification:_identify(aurora_api/ndigst/external/flatcc/include/flatcc/support) by extensions ['ros']
[0.209s] Level 1:colcon.colcon_core.package_identification:_identify(aurora_api/ndigst/external/flatcc/include/flatcc/support) by extension 'ros'
[0.209s] Level 1:colcon.colcon_core.package_identification:_identify(aurora_api/ndigst/external/flatcc/include/flatcc/support) by extensions ['cmake', 'python']
[0.209s] Level 1:colcon.colcon_core.package_identification:_identify(aurora_api/ndigst/external/flatcc/include/flatcc/support) by extension 'cmake'
[0.209s] Level 1:colcon.colcon_core.package_identification:_identify(aurora_api/ndigst/external/flatcc/include/flatcc/support) by extension 'python'
[0.209s] Level 1:colcon.colcon_core.package_identification:_identify(aurora_api/ndigst/external/flatcc/include/flatcc/support) by extensions ['python_setup_py']
[0.209s] Level 1:colcon.colcon_core.package_identification:_identify(aurora_api/ndigst/external/flatcc/include/flatcc/support) by extension 'python_setup_py'
[0.209s] Level 1:colcon.colcon_core.package_identification:_identify(aurora_api/ndigst/external/flatcc/lib) by extensions ['ignore', 'ignore_ament_install']
[0.209s] Level 1:colcon.colcon_core.package_identification:_identify(aurora_api/ndigst/external/flatcc/lib) by extension 'ignore'
[0.209s] Level 1:colcon.colcon_core.package_identification:_identify(aurora_api/ndigst/external/flatcc/lib) by extension 'ignore_ament_install'
[0.209s] Level 1:colcon.colcon_core.package_identification:_identify(aurora_api/ndigst/external/flatcc/lib) by extensions ['colcon_pkg']
[0.209s] Level 1:colcon.colcon_core.package_identification:_identify(aurora_api/ndigst/external/flatcc/lib) by extension 'colcon_pkg'
[0.209s] Level 1:colcon.colcon_core.package_identification:_identify(aurora_api/ndigst/external/flatcc/lib) by extensions ['colcon_meta']
[0.209s] Level 1:colcon.colcon_core.package_identification:_identify(aurora_api/ndigst/external/flatcc/lib) by extension 'colcon_meta'
[0.209s] Level 1:colcon.colcon_core.package_identification:_identify(aurora_api/ndigst/external/flatcc/lib) by extensions ['ros']
[0.209s] Level 1:colcon.colcon_core.package_identification:_identify(aurora_api/ndigst/external/flatcc/lib) by extension 'ros'
[0.209s] Level 1:colcon.colcon_core.package_identification:_identify(aurora_api/ndigst/external/flatcc/lib) by extensions ['cmake', 'python']
[0.209s] Level 1:colcon.colcon_core.package_identification:_identify(aurora_api/ndigst/external/flatcc/lib) by extension 'cmake'
[0.209s] Level 1:colcon.colcon_core.package_identification:_identify(aurora_api/ndigst/external/flatcc/lib) by extension 'python'
[0.209s] Level 1:colcon.colcon_core.package_identification:_identify(aurora_api/ndigst/external/flatcc/lib) by extensions ['python_setup_py']
[0.210s] Level 1:colcon.colcon_core.package_identification:_identify(aurora_api/ndigst/external/flatcc/lib) by extension 'python_setup_py'
[0.210s] Level 1:colcon.colcon_core.package_identification:_identify(aurora_api/ndigst/external/flatcc/lib/linux) by extensions ['ignore', 'ignore_ament_install']
[0.210s] Level 1:colcon.colcon_core.package_identification:_identify(aurora_api/ndigst/external/flatcc/lib/linux) by extension 'ignore'
[0.210s] Level 1:colcon.colcon_core.package_identification:_identify(aurora_api/ndigst/external/flatcc/lib/linux) by extension 'ignore_ament_install'
[0.210s] Level 1:colcon.colcon_core.package_identification:_identify(aurora_api/ndigst/external/flatcc/lib/linux) by extensions ['colcon_pkg']
[0.210s] Level 1:colcon.colcon_core.package_identification:_identify(aurora_api/ndigst/external/flatcc/lib/linux) by extension 'colcon_pkg'
[0.210s] Level 1:colcon.colcon_core.package_identification:_identify(aurora_api/ndigst/external/flatcc/lib/linux) by extensions ['colcon_meta']
[0.210s] Level 1:colcon.colcon_core.package_identification:_identify(aurora_api/ndigst/external/flatcc/lib/linux) by extension 'colcon_meta'
[0.210s] Level 1:colcon.colcon_core.package_identification:_identify(aurora_api/ndigst/external/flatcc/lib/linux) by extensions ['ros']
[0.210s] Level 1:colcon.colcon_core.package_identification:_identify(aurora_api/ndigst/external/flatcc/lib/linux) by extension 'ros'
[0.210s] Level 1:colcon.colcon_core.package_identification:_identify(aurora_api/ndigst/external/flatcc/lib/linux) by extensions ['cmake', 'python']
[0.210s] Level 1:colcon.colcon_core.package_identification:_identify(aurora_api/ndigst/external/flatcc/lib/linux) by extension 'cmake'
[0.210s] Level 1:colcon.colcon_core.package_identification:_identify(aurora_api/ndigst/external/flatcc/lib/linux) by extension 'python'
[0.210s] Level 1:colcon.colcon_core.package_identification:_identify(aurora_api/ndigst/external/flatcc/lib/linux) by extensions ['python_setup_py']
[0.210s] Level 1:colcon.colcon_core.package_identification:_identify(aurora_api/ndigst/external/flatcc/lib/linux) by extension 'python_setup_py'
[0.210s] Level 1:colcon.colcon_core.package_identification:_identify(aurora_api/ndigst/external/flatcc/lib/macosx) by extensions ['ignore', 'ignore_ament_install']
[0.210s] Level 1:colcon.colcon_core.package_identification:_identify(aurora_api/ndigst/external/flatcc/lib/macosx) by extension 'ignore'
[0.210s] Level 1:colcon.colcon_core.package_identification:_identify(aurora_api/ndigst/external/flatcc/lib/macosx) by extension 'ignore_ament_install'
[0.210s] Level 1:colcon.colcon_core.package_identification:_identify(aurora_api/ndigst/external/flatcc/lib/macosx) by extensions ['colcon_pkg']
[0.210s] Level 1:colcon.colcon_core.package_identification:_identify(aurora_api/ndigst/external/flatcc/lib/macosx) by extension 'colcon_pkg'
[0.210s] Level 1:colcon.colcon_core.package_identification:_identify(aurora_api/ndigst/external/flatcc/lib/macosx) by extensions ['colcon_meta']
[0.210s] Level 1:colcon.colcon_core.package_identification:_identify(aurora_api/ndigst/external/flatcc/lib/macosx) by extension 'colcon_meta'
[0.210s] Level 1:colcon.colcon_core.package_identification:_identify(aurora_api/ndigst/external/flatcc/lib/macosx) by extensions ['ros']
[0.210s] Level 1:colcon.colcon_core.package_identification:_identify(aurora_api/ndigst/external/flatcc/lib/macosx) by extension 'ros'
[0.210s] Level 1:colcon.colcon_core.package_identification:_identify(aurora_api/ndigst/external/flatcc/lib/macosx) by extensions ['cmake', 'python']
[0.210s] Level 1:colcon.colcon_core.package_identification:_identify(aurora_api/ndigst/external/flatcc/lib/macosx) by extension 'cmake'
[0.210s] Level 1:colcon.colcon_core.package_identification:_identify(aurora_api/ndigst/external/flatcc/lib/macosx) by extension 'python'
[0.210s] Level 1:colcon.colcon_core.package_identification:_identify(aurora_api/ndigst/external/flatcc/lib/macosx) by extensions ['python_setup_py']
[0.210s] Level 1:colcon.colcon_core.package_identification:_identify(aurora_api/ndigst/external/flatcc/lib/macosx) by extension 'python_setup_py'
[0.210s] Level 1:colcon.colcon_core.package_identification:_identify(aurora_api/ndigst/external/flatcc/lib/x86-win64) by extensions ['ignore', 'ignore_ament_install']
[0.210s] Level 1:colcon.colcon_core.package_identification:_identify(aurora_api/ndigst/external/flatcc/lib/x86-win64) by extension 'ignore'
[0.210s] Level 1:colcon.colcon_core.package_identification:_identify(aurora_api/ndigst/external/flatcc/lib/x86-win64) by extension 'ignore_ament_install'
[0.210s] Level 1:colcon.colcon_core.package_identification:_identify(aurora_api/ndigst/external/flatcc/lib/x86-win64) by extensions ['colcon_pkg']
[0.210s] Level 1:colcon.colcon_core.package_identification:_identify(aurora_api/ndigst/external/flatcc/lib/x86-win64) by extension 'colcon_pkg'
[0.210s] Level 1:colcon.colcon_core.package_identification:_identify(aurora_api/ndigst/external/flatcc/lib/x86-win64) by extensions ['colcon_meta']
[0.210s] Level 1:colcon.colcon_core.package_identification:_identify(aurora_api/ndigst/external/flatcc/lib/x86-win64) by extension 'colcon_meta'
[0.210s] Level 1:colcon.colcon_core.package_identification:_identify(aurora_api/ndigst/external/flatcc/lib/x86-win64) by extensions ['ros']
[0.210s] Level 1:colcon.colcon_core.package_identification:_identify(aurora_api/ndigst/external/flatcc/lib/x86-win64) by extension 'ros'
[0.210s] Level 1:colcon.colcon_core.package_identification:_identify(aurora_api/ndigst/external/flatcc/lib/x86-win64) by extensions ['cmake', 'python']
[0.210s] Level 1:colcon.colcon_core.package_identification:_identify(aurora_api/ndigst/external/flatcc/lib/x86-win64) by extension 'cmake'
[0.210s] Level 1:colcon.colcon_core.package_identification:_identify(aurora_api/ndigst/external/flatcc/lib/x86-win64) by extension 'python'
[0.210s] Level 1:colcon.colcon_core.package_identification:_identify(aurora_api/ndigst/external/flatcc/lib/x86-win64) by extensions ['python_setup_py']
[0.210s] Level 1:colcon.colcon_core.package_identification:_identify(aurora_api/ndigst/external/flatcc/lib/x86-win64) by extension 'python_setup_py'
[0.210s] Level 1:colcon.colcon_core.package_identification:_identify(aurora_api/ndigst/ndielems) by extensions ['ignore', 'ignore_ament_install']
[0.210s] Level 1:colcon.colcon_core.package_identification:_identify(aurora_api/ndigst/ndielems) by extension 'ignore'
[0.210s] Level 1:colcon.colcon_core.package_identification:_identify(aurora_api/ndigst/ndielems) by extension 'ignore_ament_install'
[0.210s] Level 1:colcon.colcon_core.package_identification:_identify(aurora_api/ndigst/ndielems) by extensions ['colcon_pkg']
[0.210s] Level 1:colcon.colcon_core.package_identification:_identify(aurora_api/ndigst/ndielems) by extension 'colcon_pkg'
[0.211s] Level 1:colcon.colcon_core.package_identification:_identify(aurora_api/ndigst/ndielems) by extensions ['colcon_meta']
[0.211s] Level 1:colcon.colcon_core.package_identification:_identify(aurora_api/ndigst/ndielems) by extension 'colcon_meta'
[0.211s] Level 1:colcon.colcon_core.package_identification:_identify(aurora_api/ndigst/ndielems) by extensions ['ros']
[0.211s] Level 1:colcon.colcon_core.package_identification:_identify(aurora_api/ndigst/ndielems) by extension 'ros'
[0.211s] Level 1:colcon.colcon_core.package_identification:_identify(aurora_api/ndigst/ndielems) by extensions ['cmake', 'python']
[0.211s] Level 1:colcon.colcon_core.package_identification:_identify(aurora_api/ndigst/ndielems) by extension 'cmake'
[0.211s] Level 1:colcon.colcon_core.package_identification:_identify(aurora_api/ndigst/ndielems) by extension 'python'
[0.211s] Level 1:colcon.colcon_core.package_identification:_identify(aurora_api/ndigst/ndielems) by extensions ['python_setup_py']
[0.211s] Level 1:colcon.colcon_core.package_identification:_identify(aurora_api/ndigst/ndielems) by extension 'python_setup_py'
[0.211s] Level 1:colcon.colcon_core.package_identification:_identify(aurora_api/sample) by extensions ['ignore', 'ignore_ament_install']
[0.211s] Level 1:colcon.colcon_core.package_identification:_identify(aurora_api/sample) by extension 'ignore'
[0.211s] Level 1:colcon.colcon_core.package_identification:_identify(aurora_api/sample) by extension 'ignore_ament_install'
[0.211s] Level 1:colcon.colcon_core.package_identification:_identify(aurora_api/sample) by extensions ['colcon_pkg']
[0.211s] Level 1:colcon.colcon_core.package_identification:_identify(aurora_api/sample) by extension 'colcon_pkg'
[0.211s] Level 1:colcon.colcon_core.package_identification:_identify(aurora_api/sample) by extensions ['colcon_meta']
[0.211s] Level 1:colcon.colcon_core.package_identification:_identify(aurora_api/sample) by extension 'colcon_meta'
[0.211s] Level 1:colcon.colcon_core.package_identification:_identify(aurora_api/sample) by extensions ['ros']
[0.211s] Level 1:colcon.colcon_core.package_identification:_identify(aurora_api/sample) by extension 'ros'
[0.211s] Level 1:colcon.colcon_core.package_identification:_identify(aurora_api/sample) by extensions ['cmake', 'python']
[0.211s] Level 1:colcon.colcon_core.package_identification:_identify(aurora_api/sample) by extension 'cmake'
[0.211s] Level 1:colcon.colcon_core.package_identification:_identify(aurora_api/sample) by extension 'python'
[0.211s] Level 1:colcon.colcon_core.package_identification:_identify(aurora_api/sample) by extensions ['python_setup_py']
[0.211s] Level 1:colcon.colcon_core.package_identification:_identify(aurora_api/sample) by extension 'python_setup_py'
[0.211s] Level 1:colcon.colcon_core.package_identification:_identify(aurora_api/sample/src) by extensions ['ignore', 'ignore_ament_install']
[0.211s] Level 1:colcon.colcon_core.package_identification:_identify(aurora_api/sample/src) by extension 'ignore'
[0.211s] Level 1:colcon.colcon_core.package_identification:_identify(aurora_api/sample/src) by extension 'ignore_ament_install'
[0.211s] Level 1:colcon.colcon_core.package_identification:_identify(aurora_api/sample/src) by extensions ['colcon_pkg']
[0.211s] Level 1:colcon.colcon_core.package_identification:_identify(aurora_api/sample/src) by extension 'colcon_pkg'
[0.211s] Level 1:colcon.colcon_core.package_identification:_identify(aurora_api/sample/src) by extensions ['colcon_meta']
[0.211s] Level 1:colcon.colcon_core.package_identification:_identify(aurora_api/sample/src) by extension 'colcon_meta'
[0.211s] Level 1:colcon.colcon_core.package_identification:_identify(aurora_api/sample/src) by extensions ['ros']
[0.211s] Level 1:colcon.colcon_core.package_identification:_identify(aurora_api/sample/src) by extension 'ros'
[0.211s] Level 1:colcon.colcon_core.package_identification:_identify(aurora_api/sample/src) by extensions ['cmake', 'python']
[0.211s] Level 1:colcon.colcon_core.package_identification:_identify(aurora_api/sample/src) by extension 'cmake'
[0.211s] Level 1:colcon.colcon_core.package_identification:_identify(aurora_api/sample/src) by extension 'python'
[0.211s] Level 1:colcon.colcon_core.package_identification:_identify(aurora_api/sample/src) by extensions ['python_setup_py']
[0.211s] Level 1:colcon.colcon_core.package_identification:_identify(aurora_api/sample/src) by extension 'python_setup_py'
[0.211s] Level 1:colcon.colcon_core.package_identification:_identify(aurora_api/sroms) by extensions ['ignore', 'ignore_ament_install']
[0.211s] Level 1:colcon.colcon_core.package_identification:_identify(aurora_api/sroms) by extension 'ignore'
[0.211s] Level 1:colcon.colcon_core.package_identification:_identify(aurora_api/sroms) by extension 'ignore_ament_install'
[0.211s] Level 1:colcon.colcon_core.package_identification:_identify(aurora_api/sroms) by extensions ['colcon_pkg']
[0.211s] Level 1:colcon.colcon_core.package_identification:_identify(aurora_api/sroms) by extension 'colcon_pkg'
[0.211s] Level 1:colcon.colcon_core.package_identification:_identify(aurora_api/sroms) by extensions ['colcon_meta']
[0.211s] Level 1:colcon.colcon_core.package_identification:_identify(aurora_api/sroms) by extension 'colcon_meta'
[0.211s] Level 1:colcon.colcon_core.package_identification:_identify(aurora_api/sroms) by extensions ['ros']
[0.211s] Level 1:colcon.colcon_core.package_identification:_identify(aurora_api/sroms) by extension 'ros'
[0.211s] Level 1:colcon.colcon_core.package_identification:_identify(aurora_api/sroms) by extensions ['cmake', 'python']
[0.211s] Level 1:colcon.colcon_core.package_identification:_identify(aurora_api/sroms) by extension 'cmake'
[0.211s] Level 1:colcon.colcon_core.package_identification:_identify(aurora_api/sroms) by extension 'python'
[0.211s] Level 1:colcon.colcon_core.package_identification:_identify(aurora_api/sroms) by extensions ['python_setup_py']
[0.211s] Level 1:colcon.colcon_core.package_identification:_identify(aurora_api/sroms) by extension 'python_setup_py'
[0.212s] Level 1:colcon.colcon_core.package_identification:_identify(build) by extensions ['ignore', 'ignore_ament_install']
[0.212s] Level 1:colcon.colcon_core.package_identification:_identify(build) by extension 'ignore'
[0.212s] Level 1:colcon.colcon_core.package_identification:_identify(build) ignored
[0.212s] Level 1:colcon.colcon_core.package_identification:_identify(html_src) by extensions ['ignore', 'ignore_ament_install']
[0.212s] Level 1:colcon.colcon_core.package_identification:_identify(html_src) by extension 'ignore'
[0.212s] Level 1:colcon.colcon_core.package_identification:_identify(html_src) by extension 'ignore_ament_install'
[0.212s] Level 1:colcon.colcon_core.package_identification:_identify(html_src) by extensions ['colcon_pkg']
[0.212s] Level 1:colcon.colcon_core.package_identification:_identify(html_src) by extension 'colcon_pkg'
[0.212s] Level 1:colcon.colcon_core.package_identification:_identify(html_src) by extensions ['colcon_meta']
[0.212s] Level 1:colcon.colcon_core.package_identification:_identify(html_src) by extension 'colcon_meta'
[0.212s] Level 1:colcon.colcon_core.package_identification:_identify(html_src) by extensions ['ros']
[0.212s] Level 1:colcon.colcon_core.package_identification:_identify(html_src) by extension 'ros'
[0.212s] Level 1:colcon.colcon_core.package_identification:_identify(html_src) by extensions ['cmake', 'python']
[0.212s] Level 1:colcon.colcon_core.package_identification:_identify(html_src) by extension 'cmake'
[0.212s] Level 1:colcon.colcon_core.package_identification:_identify(html_src) by extension 'python'
[0.212s] Level 1:colcon.colcon_core.package_identification:_identify(html_src) by extensions ['python_setup_py']
[0.212s] Level 1:colcon.colcon_core.package_identification:_identify(html_src) by extension 'python_setup_py'
[0.212s] Level 1:colcon.colcon_core.package_identification:_identify(install) by extensions ['ignore', 'ignore_ament_install']
[0.212s] Level 1:colcon.colcon_core.package_identification:_identify(install) by extension 'ignore'
[0.212s] Level 1:colcon.colcon_core.package_identification:_identify(install) ignored
[0.212s] Level 1:colcon.colcon_core.package_identification:_identify(log) by extensions ['ignore', 'ignore_ament_install']
[0.212s] Level 1:colcon.colcon_core.package_identification:_identify(log) by extension 'ignore'
[0.212s] Level 1:colcon.colcon_core.package_identification:_identify(log) ignored
[0.212s] Level 1:colcon.colcon_core.package_identification:_identify(src) by extensions ['ignore', 'ignore_ament_install']
[0.212s] Level 1:colcon.colcon_core.package_identification:_identify(src) by extension 'ignore'
[0.212s] Level 1:colcon.colcon_core.package_identification:_identify(src) by extension 'ignore_ament_install'
[0.212s] Level 1:colcon.colcon_core.package_identification:_identify(src) by extensions ['colcon_pkg']
[0.212s] Level 1:colcon.colcon_core.package_identification:_identify(src) by extension 'colcon_pkg'
[0.212s] Level 1:colcon.colcon_core.package_identification:_identify(src) by extensions ['colcon_meta']
[0.212s] Level 1:colcon.colcon_core.package_identification:_identify(src) by extension 'colcon_meta'
[0.212s] Level 1:colcon.colcon_core.package_identification:_identify(src) by extensions ['ros']
[0.212s] Level 1:colcon.colcon_core.package_identification:_identify(src) by extension 'ros'
[0.212s] Level 1:colcon.colcon_core.package_identification:_identify(src) by extensions ['cmake', 'python']
[0.212s] Level 1:colcon.colcon_core.package_identification:_identify(src) by extension 'cmake'
[0.212s] Level 1:colcon.colcon_core.package_identification:_identify(src) by extension 'python'
[0.212s] Level 1:colcon.colcon_core.package_identification:_identify(src) by extensions ['python_setup_py']
[0.212s] Level 1:colcon.colcon_core.package_identification:_identify(src) by extension 'python_setup_py'
[0.212s] Level 1:colcon.colcon_core.package_identification:_identify(src/aurora_ndi_pkg) by extensions ['ignore', 'ignore_ament_install']
[0.212s] Level 1:colcon.colcon_core.package_identification:_identify(src/aurora_ndi_pkg) by extension 'ignore'
[0.212s] Level 1:colcon.colcon_core.package_identification:_identify(src/aurora_ndi_pkg) by extension 'ignore_ament_install'
[0.212s] Level 1:colcon.colcon_core.package_identification:_identify(src/aurora_ndi_pkg) by extensions ['colcon_pkg']
[0.212s] Level 1:colcon.colcon_core.package_identification:_identify(src/aurora_ndi_pkg) by extension 'colcon_pkg'
[0.212s] Level 1:colcon.colcon_core.package_identification:_identify(src/aurora_ndi_pkg) by extensions ['colcon_meta']
[0.212s] Level 1:colcon.colcon_core.package_identification:_identify(src/aurora_ndi_pkg) by extension 'colcon_meta'
[0.212s] Level 1:colcon.colcon_core.package_identification:_identify(src/aurora_ndi_pkg) by extensions ['ros']
[0.212s] Level 1:colcon.colcon_core.package_identification:_identify(src/aurora_ndi_pkg) by extension 'ros'
[0.215s] DEBUG:colcon.colcon_core.package_identification:Package 'src/aurora_ndi_pkg' with type 'ros.ament_cmake' and name 'aurora_ndi_pkg'
[0.215s] Level 1:colcon.colcon_core.package_identification:_identify(src/ros2_net_ft_driver) by extensions ['ignore', 'ignore_ament_install']
[0.215s] Level 1:colcon.colcon_core.package_identification:_identify(src/ros2_net_ft_driver) by extension 'ignore'
[0.215s] Level 1:colcon.colcon_core.package_identification:_identify(src/ros2_net_ft_driver) by extension 'ignore_ament_install'
[0.215s] Level 1:colcon.colcon_core.package_identification:_identify(src/ros2_net_ft_driver) by extensions ['colcon_pkg']
[0.215s] Level 1:colcon.colcon_core.package_identification:_identify(src/ros2_net_ft_driver) by extension 'colcon_pkg'
[0.215s] Level 1:colcon.colcon_core.package_identification:_identify(src/ros2_net_ft_driver) by extensions ['colcon_meta']
[0.215s] Level 1:colcon.colcon_core.package_identification:_identify(src/ros2_net_ft_driver) by extension 'colcon_meta'
[0.215s] Level 1:colcon.colcon_core.package_identification:_identify(src/ros2_net_ft_driver) by extensions ['ros']
[0.215s] Level 1:colcon.colcon_core.package_identification:_identify(src/ros2_net_ft_driver) by extension 'ros'
[0.215s] Level 1:colcon.colcon_core.package_identification:_identify(src/ros2_net_ft_driver) by extensions ['cmake', 'python']
[0.215s] Level 1:colcon.colcon_core.package_identification:_identify(src/ros2_net_ft_driver) by extension 'cmake'
[0.215s] Level 1:colcon.colcon_core.package_identification:_identify(src/ros2_net_ft_driver) by extension 'python'
[0.215s] Level 1:colcon.colcon_core.package_identification:_identify(src/ros2_net_ft_driver) by extensions ['python_setup_py']
[0.215s] Level 1:colcon.colcon_core.package_identification:_identify(src/ros2_net_ft_driver) by extension 'python_setup_py'
[0.215s] Level 1:colcon.colcon_core.package_identification:_identify(src/ros2_net_ft_driver/net_ft_description) by extensions ['ignore', 'ignore_ament_install']
[0.215s] Level 1:colcon.colcon_core.package_identification:_identify(src/ros2_net_ft_driver/net_ft_description) by extension 'ignore'
[0.215s] Level 1:colcon.colcon_core.package_identification:_identify(src/ros2_net_ft_driver/net_ft_description) by extension 'ignore_ament_install'
[0.215s] Level 1:colcon.colcon_core.package_identification:_identify(src/ros2_net_ft_driver/net_ft_description) by extensions ['colcon_pkg']
[0.215s] Level 1:colcon.colcon_core.package_identification:_identify(src/ros2_net_ft_driver/net_ft_description) by extension 'colcon_pkg'
[0.215s] Level 1:colcon.colcon_core.package_identification:_identify(src/ros2_net_ft_driver/net_ft_description) by extensions ['colcon_meta']
[0.215s] Level 1:colcon.colcon_core.package_identification:_identify(src/ros2_net_ft_driver/net_ft_description) by extension 'colcon_meta'
[0.216s] Level 1:colcon.colcon_core.package_identification:_identify(src/ros2_net_ft_driver/net_ft_description) by extensions ['ros']
[0.216s] Level 1:colcon.colcon_core.package_identification:_identify(src/ros2_net_ft_driver/net_ft_description) by extension 'ros'
[0.216s] DEBUG:colcon.colcon_core.package_identification:Package 'src/ros2_net_ft_driver/net_ft_description' with type 'ros.ament_cmake' and name 'net_ft_description'
[0.216s] Level 1:colcon.colcon_core.package_identification:_identify(src/ros2_net_ft_driver/net_ft_diagnostic_broadcaster) by extensions ['ignore', 'ignore_ament_install']
[0.216s] Level 1:colcon.colcon_core.package_identification:_identify(src/ros2_net_ft_driver/net_ft_diagnostic_broadcaster) by extension 'ignore'
[0.216s] Level 1:colcon.colcon_core.package_identification:_identify(src/ros2_net_ft_driver/net_ft_diagnostic_broadcaster) by extension 'ignore_ament_install'
[0.216s] Level 1:colcon.colcon_core.package_identification:_identify(src/ros2_net_ft_driver/net_ft_diagnostic_broadcaster) by extensions ['colcon_pkg']
[0.216s] Level 1:colcon.colcon_core.package_identification:_identify(src/ros2_net_ft_driver/net_ft_diagnostic_broadcaster) by extension 'colcon_pkg'
[0.216s] Level 1:colcon.colcon_core.package_identification:_identify(src/ros2_net_ft_driver/net_ft_diagnostic_broadcaster) by extensions ['colcon_meta']
[0.216s] Level 1:colcon.colcon_core.package_identification:_identify(src/ros2_net_ft_driver/net_ft_diagnostic_broadcaster) by extension 'colcon_meta'
[0.216s] Level 1:colcon.colcon_core.package_identification:_identify(src/ros2_net_ft_driver/net_ft_diagnostic_broadcaster) by extensions ['ros']
[0.216s] Level 1:colcon.colcon_core.package_identification:_identify(src/ros2_net_ft_driver/net_ft_diagnostic_broadcaster) by extension 'ros'
[0.216s] DEBUG:colcon.colcon_core.package_identification:Package 'src/ros2_net_ft_driver/net_ft_diagnostic_broadcaster' with type 'ros.ament_cmake' and name 'net_ft_diagnostic_broadcaster'
[0.217s] Level 1:colcon.colcon_core.package_identification:_identify(src/ros2_net_ft_driver/net_ft_driver) by extensions ['ignore', 'ignore_ament_install']
[0.217s] Level 1:colcon.colcon_core.package_identification:_identify(src/ros2_net_ft_driver/net_ft_driver) by extension 'ignore'
[0.217s] Level 1:colcon.colcon_core.package_identification:_identify(src/ros2_net_ft_driver/net_ft_driver) by extension 'ignore_ament_install'
[0.217s] Level 1:colcon.colcon_core.package_identification:_identify(src/ros2_net_ft_driver/net_ft_driver) by extensions ['colcon_pkg']
[0.217s] Level 1:colcon.colcon_core.package_identification:_identify(src/ros2_net_ft_driver/net_ft_driver) by extension 'colcon_pkg'
[0.217s] Level 1:colcon.colcon_core.package_identification:_identify(src/ros2_net_ft_driver/net_ft_driver) by extensions ['colcon_meta']
[0.217s] Level 1:colcon.colcon_core.package_identification:_identify(src/ros2_net_ft_driver/net_ft_driver) by extension 'colcon_meta'
[0.217s] Level 1:colcon.colcon_core.package_identification:_identify(src/ros2_net_ft_driver/net_ft_driver) by extensions ['ros']
[0.217s] Level 1:colcon.colcon_core.package_identification:_identify(src/ros2_net_ft_driver/net_ft_driver) by extension 'ros'
[0.217s] DEBUG:colcon.colcon_core.package_identification:Package 'src/ros2_net_ft_driver/net_ft_driver' with type 'ros.ament_cmake' and name 'net_ft_driver'
[0.217s] Level 1:colcon.colcon_core.package_discovery:discover_packages(recursive) using defaults
[0.217s] Level 1:colcon.colcon_core.package_discovery:discover_packages(ignore) discover
[0.217s] Level 1:colcon.colcon_core.package_discovery:discover_packages(ignore) using defaults
[0.217s] Level 1:colcon.colcon_core.package_discovery:discover_packages(path) discover
[0.217s] Level 1:colcon.colcon_core.package_discovery:discover_packages(path) using defaults
[0.237s] Level 1:colcon.colcon_core.package_discovery:discover_packages(prefix_path) check parameters
[0.237s] Level 1:colcon.colcon_core.package_discovery:discover_packages(prefix_path) discover
[0.239s] DEBUG:colcon.colcon_installed_package_information.package_discovery:Found 363 installed packages in /opt/ros/humble
[0.240s] Level 1:colcon.colcon_core.package_discovery:discover_packages(prefix_path) using defaults
[0.262s] Level 5:colcon.colcon_core.verb:set package 'aurora_ndi_pkg' build argument 'cmake_args' from command line to 'None'
[0.262s] Level 5:colcon.colcon_core.verb:set package 'aurora_ndi_pkg' build argument 'cmake_target' from command line to 'None'
[0.262s] Level 5:colcon.colcon_core.verb:set package 'aurora_ndi_pkg' build argument 'cmake_target_skip_unavailable' from command line to 'False'
[0.262s] Level 5:colcon.colcon_core.verb:set package 'aurora_ndi_pkg' build argument 'cmake_clean_cache' from command line to 'False'
[0.262s] Level 5:colcon.colcon_core.verb:set package 'aurora_ndi_pkg' build argument 'cmake_clean_first' from command line to 'False'
[0.262s] Level 5:colcon.colcon_core.verb:set package 'aurora_ndi_pkg' build argument 'cmake_force_configure' from command line to 'False'
[0.262s] Level 5:colcon.colcon_core.verb:set package 'aurora_ndi_pkg' build argument 'ament_cmake_args' from command line to 'None'
[0.262s] Level 5:colcon.colcon_core.verb:set package 'aurora_ndi_pkg' build argument 'catkin_cmake_args' from command line to 'None'
[0.262s] Level 5:colcon.colcon_core.verb:set package 'aurora_ndi_pkg' build argument 'catkin_skip_building_tests' from command line to 'False'
[0.262s] DEBUG:colcon.colcon_core.verb:Building package 'aurora_ndi_pkg' with the following arguments: {'ament_cmake_args': None, 'build_base': '/home/a-tamby/experiment_grinding_nose/sensors_experiment/build/aurora_ndi_pkg', 'catkin_cmake_args': None, 'catkin_skip_building_tests': False, 'cmake_args': None, 'cmake_clean_cache': False, 'cmake_clean_first': False, 'cmake_force_configure': False, 'cmake_target': None, 'cmake_target_skip_unavailable': False, 'install_base': '/home/a-tamby/experiment_grinding_nose/sensors_experiment/install/aurora_ndi_pkg', 'merge_install': False, 'path': '/home/a-tamby/experiment_grinding_nose/sensors_experiment/src/aurora_ndi_pkg', 'symlink_install': True, 'test_result_base': None}
[0.262s] Level 5:colcon.colcon_core.verb:set package 'net_ft_description' build argument 'cmake_args' from command line to 'None'
[0.262s] Level 5:colcon.colcon_core.verb:set package 'net_ft_description' build argument 'cmake_target' from command line to 'None'
[0.262s] Level 5:colcon.colcon_core.verb:set package 'net_ft_description' build argument 'cmake_target_skip_unavailable' from command line to 'False'
[0.262s] Level 5:colcon.colcon_core.verb:set package 'net_ft_description' build argument 'cmake_clean_cache' from command line to 'False'
[0.262s] Level 5:colcon.colcon_core.verb:set package 'net_ft_description' build argument 'cmake_clean_first' from command line to 'False'
[0.262s] Level 5:colcon.colcon_core.verb:set package 'net_ft_description' build argument 'cmake_force_configure' from command line to 'False'
[0.262s] Level 5:colcon.colcon_core.verb:set package 'net_ft_description' build argument 'ament_cmake_args' from command line to 'None'
[0.262s] Level 5:colcon.colcon_core.verb:set package 'net_ft_description' build argument 'catkin_cmake_args' from command line to 'None'
[0.262s] Level 5:colcon.colcon_core.verb:set package 'net_ft_description' build argument 'catkin_skip_building_tests' from command line to 'False'
[0.262s] DEBUG:colcon.colcon_core.verb:Building package 'net_ft_description' with the following arguments: {'ament_cmake_args': None, 'build_base': '/home/a-tamby/experiment_grinding_nose/sensors_experiment/build/net_ft_description', 'catkin_cmake_args': None, 'catkin_skip_building_tests': False, 'cmake_args': None, 'cmake_clean_cache': False, 'cmake_clean_first': False, 'cmake_force_configure': False, 'cmake_target': None, 'cmake_target_skip_unavailable': False, 'install_base': '/home/a-tamby/experiment_grinding_nose/sensors_experiment/install/net_ft_description', 'merge_install': False, 'path': '/home/a-tamby/experiment_grinding_nose/sensors_experiment/src/ros2_net_ft_driver/net_ft_description', 'symlink_install': True, 'test_result_base': None}
[0.262s] Level 5:colcon.colcon_core.verb:set package 'net_ft_diagnostic_broadcaster' build argument 'cmake_args' from command line to 'None'
[0.262s] Level 5:colcon.colcon_core.verb:set package 'net_ft_diagnostic_broadcaster' build argument 'cmake_target' from command line to 'None'
[0.262s] Level 5:colcon.colcon_core.verb:set package 'net_ft_diagnostic_broadcaster' build argument 'cmake_target_skip_unavailable' from command line to 'False'
[0.262s] Level 5:colcon.colcon_core.verb:set package 'net_ft_diagnostic_broadcaster' build argument 'cmake_clean_cache' from command line to 'False'
[0.262s] Level 5:colcon.colcon_core.verb:set package 'net_ft_diagnostic_broadcaster' build argument 'cmake_clean_first' from command line to 'False'
[0.262s] Level 5:colcon.colcon_core.verb:set package 'net_ft_diagnostic_broadcaster' build argument 'cmake_force_configure' from command line to 'False'
[0.262s] Level 5:colcon.colcon_core.verb:set package 'net_ft_diagnostic_broadcaster' build argument 'ament_cmake_args' from command line to 'None'
[0.262s] Level 5:colcon.colcon_core.verb:set package 'net_ft_diagnostic_broadcaster' build argument 'catkin_cmake_args' from command line to 'None'
[0.262s] Level 5:colcon.colcon_core.verb:set package 'net_ft_diagnostic_broadcaster' build argument 'catkin_skip_building_tests' from command line to 'False'
[0.262s] DEBUG:colcon.colcon_core.verb:Building package 'net_ft_diagnostic_broadcaster' with the following arguments: {'ament_cmake_args': None, 'build_base': '/home/a-tamby/experiment_grinding_nose/sensors_experiment/build/net_ft_diagnostic_broadcaster', 'catkin_cmake_args': None, 'catkin_skip_building_tests': False, 'cmake_args': None, 'cmake_clean_cache': False, 'cmake_clean_first': False, 'cmake_force_configure': False, 'cmake_target': None, 'cmake_target_skip_unavailable': False, 'install_base': '/home/a-tamby/experiment_grinding_nose/sensors_experiment/install/net_ft_diagnostic_broadcaster', 'merge_install': False, 'path': '/home/a-tamby/experiment_grinding_nose/sensors_experiment/src/ros2_net_ft_driver/net_ft_diagnostic_broadcaster', 'symlink_install': True, 'test_result_base': None}
[0.262s] Level 5:colcon.colcon_core.verb:set package 'net_ft_driver' build argument 'cmake_args' from command line to 'None'
[0.262s] Level 5:colcon.colcon_core.verb:set package 'net_ft_driver' build argument 'cmake_target' from command line to 'None'
[0.263s] Level 5:colcon.colcon_core.verb:set package 'net_ft_driver' build argument 'cmake_target_skip_unavailable' from command line to 'False'
[0.263s] Level 5:colcon.colcon_core.verb:set package 'net_ft_driver' build argument 'cmake_clean_cache' from command line to 'False'
[0.263s] Level 5:colcon.colcon_core.verb:set package 'net_ft_driver' build argument 'cmake_clean_first' from command line to 'False'
[0.263s] Level 5:colcon.colcon_core.verb:set package 'net_ft_driver' build argument 'cmake_force_configure' from command line to 'False'
[0.263s] Level 5:colcon.colcon_core.verb:set package 'net_ft_driver' build argument 'ament_cmake_args' from command line to 'None'
[0.263s] Level 5:colcon.colcon_core.verb:set package 'net_ft_driver' build argument 'catkin_cmake_args' from command line to 'None'
[0.263s] Level 5:colcon.colcon_core.verb:set package 'net_ft_driver' build argument 'catkin_skip_building_tests' from command line to 'False'
[0.263s] DEBUG:colcon.colcon_core.verb:Building package 'net_ft_driver' with the following arguments: {'ament_cmake_args': None, 'build_base': '/home/a-tamby/experiment_grinding_nose/sensors_experiment/build/net_ft_driver', 'catkin_cmake_args': None, 'catkin_skip_building_tests': False, 'cmake_args': None, 'cmake_clean_cache': False, 'cmake_clean_first': False, 'cmake_force_configure': False, 'cmake_target': None, 'cmake_target_skip_unavailable': False, 'install_base': '/home/a-tamby/experiment_grinding_nose/sensors_experiment/install/net_ft_driver', 'merge_install': False, 'path': '/home/a-tamby/experiment_grinding_nose/sensors_experiment/src/ros2_net_ft_driver/net_ft_driver', 'symlink_install': True, 'test_result_base': None}
[0.263s] INFO:colcon.colcon_core.executor:Executing jobs using 'parallel' executor
[0.263s] DEBUG:colcon.colcon_parallel_executor.executor.parallel:run_until_complete
[0.263s] INFO:colcon.colcon_ros.task.ament_cmake.build:Building ROS package in '/home/a-tamby/experiment_grinding_nose/sensors_experiment/src/aurora_ndi_pkg' with build type 'ament_cmake'
[0.263s] INFO:colcon.colcon_cmake.task.cmake.build:Building CMake package in '/home/a-tamby/experiment_grinding_nose/sensors_experiment/src/aurora_ndi_pkg'
[0.266s] INFO:colcon.colcon_core.plugin_system:Skipping extension 'colcon_core.shell.bat': Not used on non-Windows systems
[0.267s] INFO:colcon.colcon_core.shell:Skip shell extension 'powershell' for command environment: Not usable outside of PowerShell
[0.267s] DEBUG:colcon.colcon_core.shell:Skip shell extension 'dsv' for command environment
[0.268s] INFO:colcon.colcon_ros.task.ament_cmake.build:Building ROS package in '/home/a-tamby/experiment_grinding_nose/sensors_experiment/src/ros2_net_ft_driver/net_ft_description' with build type 'ament_cmake'
[0.268s] INFO:colcon.colcon_cmake.task.cmake.build:Building CMake package in '/home/a-tamby/experiment_grinding_nose/sensors_experiment/src/ros2_net_ft_driver/net_ft_description'
[0.269s] INFO:colcon.colcon_core.shell:Skip shell extension 'powershell' for command environment: Not usable outside of PowerShell
[0.269s] DEBUG:colcon.colcon_core.shell:Skip shell extension 'dsv' for command environment
[0.271s] INFO:colcon.colcon_ros.task.ament_cmake.build:Building ROS package in '/home/a-tamby/experiment_grinding_nose/sensors_experiment/src/ros2_net_ft_driver/net_ft_diagnostic_broadcaster' with build type 'ament_cmake'
[0.271s] INFO:colcon.colcon_cmake.task.cmake.build:Building CMake package in '/home/a-tamby/experiment_grinding_nose/sensors_experiment/src/ros2_net_ft_driver/net_ft_diagnostic_broadcaster'
[0.271s] INFO:colcon.colcon_core.shell:Skip shell extension 'powershell' for command environment: Not usable outside of PowerShell
[0.271s] DEBUG:colcon.colcon_core.shell:Skip shell extension 'dsv' for command environment
[0.273s] INFO:colcon.colcon_ros.task.ament_cmake.build:Building ROS package in '/home/a-tamby/experiment_grinding_nose/sensors_experiment/src/ros2_net_ft_driver/net_ft_driver' with build type 'ament_cmake'
[0.274s] INFO:colcon.colcon_cmake.task.cmake.build:Building CMake package in '/home/a-tamby/experiment_grinding_nose/sensors_experiment/src/ros2_net_ft_driver/net_ft_driver'
[0.274s] INFO:colcon.colcon_core.shell:Skip shell extension 'powershell' for command environment: Not usable outside of PowerShell
[0.274s] DEBUG:colcon.colcon_core.shell:Skip shell extension 'dsv' for command environment
[0.280s] DEBUG:colcon.colcon_core.event_handler.log_command:Invoking command in '/home/a-tamby/experiment_grinding_nose/sensors_experiment/build/aurora_ndi_pkg': CMAKE_PREFIX_PATH=/opt/ros/humble /usr/bin/cmake /home/a-tamby/experiment_grinding_nose/sensors_experiment/src/aurora_ndi_pkg -DAMENT_CMAKE_SYMLINK_INSTALL=1 -DCMAKE_INSTALL_PREFIX=/home/a-tamby/experiment_grinding_nose/sensors_experiment/install/aurora_ndi_pkg
[0.281s] DEBUG:colcon.colcon_core.event_handler.log_command:Invoking command in '/home/a-tamby/experiment_grinding_nose/sensors_experiment/build/net_ft_description': CMAKE_PREFIX_PATH=/opt/ros/humble /usr/bin/cmake /home/a-tamby/experiment_grinding_nose/sensors_experiment/src/ros2_net_ft_driver/net_ft_description -DAMENT_CMAKE_SYMLINK_INSTALL=1 -DCMAKE_INSTALL_PREFIX=/home/a-tamby/experiment_grinding_nose/sensors_experiment/install/net_ft_description
[0.283s] DEBUG:colcon.colcon_core.event_handler.log_command:Invoking command in '/home/a-tamby/experiment_grinding_nose/sensors_experiment/build/net_ft_diagnostic_broadcaster': CMAKE_PREFIX_PATH=/opt/ros/humble /usr/bin/cmake /home/a-tamby/experiment_grinding_nose/sensors_experiment/src/ros2_net_ft_driver/net_ft_diagnostic_broadcaster -DAMENT_CMAKE_SYMLINK_INSTALL=1 -DCMAKE_INSTALL_PREFIX=/home/a-tamby/experiment_grinding_nose/sensors_experiment/install/net_ft_diagnostic_broadcaster
[0.284s] DEBUG:colcon.colcon_core.event_handler.log_command:Invoking command in '/home/a-tamby/experiment_grinding_nose/sensors_experiment/build/net_ft_driver': CMAKE_PREFIX_PATH=/opt/ros/humble /usr/bin/cmake /home/a-tamby/experiment_grinding_nose/sensors_experiment/src/ros2_net_ft_driver/net_ft_driver -DAMENT_CMAKE_SYMLINK_INSTALL=1 -DCMAKE_INSTALL_PREFIX=/home/a-tamby/experiment_grinding_nose/sensors_experiment/install/net_ft_driver
[0.712s] DEBUG:colcon.colcon_core.event_handler.log_command:Invoked command in '/home/a-tamby/experiment_grinding_nose/sensors_experiment/build/net_ft_description' returned '0': CMAKE_PREFIX_PATH=/opt/ros/humble /usr/bin/cmake /home/a-tamby/experiment_grinding_nose/sensors_experiment/src/ros2_net_ft_driver/net_ft_description -DAMENT_CMAKE_SYMLINK_INSTALL=1 -DCMAKE_INSTALL_PREFIX=/home/a-tamby/experiment_grinding_nose/sensors_experiment/install/net_ft_description
[0.713s] DEBUG:colcon.colcon_core.event_handler.log_command:Invoking command in '/home/a-tamby/experiment_grinding_nose/sensors_experiment/build/net_ft_description': CMAKE_PREFIX_PATH=/opt/ros/humble /usr/bin/cmake --build /home/a-tamby/experiment_grinding_nose/sensors_experiment/build/net_ft_description -- -j20 -l20
[0.738s] DEBUG:colcon.colcon_core.event_handler.log_command:Invoked command in '/home/a-tamby/experiment_grinding_nose/sensors_experiment/build/net_ft_description' returned '0': CMAKE_PREFIX_PATH=/opt/ros/humble /usr/bin/cmake --build /home/a-tamby/experiment_grinding_nose/sensors_experiment/build/net_ft_description -- -j20 -l20
[0.745s] DEBUG:colcon.colcon_core.event_handler.log_command:Invoking command in '/home/a-tamby/experiment_grinding_nose/sensors_experiment/build/net_ft_description': CMAKE_PREFIX_PATH=/opt/ros/humble /usr/bin/cmake --install /home/a-tamby/experiment_grinding_nose/sensors_experiment/build/net_ft_description
[0.874s] Level 1:colcon.colcon_core.environment:create_environment_scripts_only(net_ft_description)
[0.875s] DEBUG:colcon.colcon_core.event_handler.log_command:Invoked command in '/home/a-tamby/experiment_grinding_nose/sensors_experiment/build/net_ft_description' returned '0': CMAKE_PREFIX_PATH=/opt/ros/humble /usr/bin/cmake --install /home/a-tamby/experiment_grinding_nose/sensors_experiment/build/net_ft_description
[0.880s] Level 1:colcon.colcon_core.environment:checking '/home/a-tamby/experiment_grinding_nose/sensors_experiment/install/net_ft_description' for CMake module files
[0.880s] Level 1:colcon.colcon_core.environment:checking '/home/a-tamby/experiment_grinding_nose/sensors_experiment/install/net_ft_description' for CMake config files
[0.880s] Level 1:colcon.colcon_core.shell:create_environment_hook('net_ft_description', 'cmake_prefix_path')
[0.881s] INFO:colcon.colcon_core.shell:Creating environment hook '/home/a-tamby/experiment_grinding_nose/sensors_experiment/install/net_ft_description/share/net_ft_description/hook/cmake_prefix_path.ps1'
[0.881s] INFO:colcon.colcon_core.shell:Creating environment descriptor '/home/a-tamby/experiment_grinding_nose/sensors_experiment/install/net_ft_description/share/net_ft_description/hook/cmake_prefix_path.dsv'
[0.882s] INFO:colcon.colcon_core.shell:Creating environment hook '/home/a-tamby/experiment_grinding_nose/sensors_experiment/install/net_ft_description/share/net_ft_description/hook/cmake_prefix_path.sh'
[0.883s] Level 1:colcon.colcon_core.environment:checking '/home/a-tamby/experiment_grinding_nose/sensors_experiment/install/net_ft_description/bin'
[0.883s] Level 1:colcon.colcon_core.environment:checking '/home/a-tamby/experiment_grinding_nose/sensors_experiment/install/net_ft_description/lib/pkgconfig/net_ft_description.pc'
[0.883s] Level 1:colcon.colcon_core.environment:checking '/home/a-tamby/experiment_grinding_nose/sensors_experiment/install/net_ft_description/lib/python3.10/site-packages'
[0.884s] Level 1:colcon.colcon_core.environment:checking '/home/a-tamby/experiment_grinding_nose/sensors_experiment/install/net_ft_description/bin'
[0.884s] INFO:colcon.colcon_core.shell:Creating package script '/home/a-tamby/experiment_grinding_nose/sensors_experiment/install/net_ft_description/share/net_ft_description/package.ps1'
[0.885s] INFO:colcon.colcon_core.shell:Creating package descriptor '/home/a-tamby/experiment_grinding_nose/sensors_experiment/install/net_ft_description/share/net_ft_description/package.dsv'
[0.885s] INFO:colcon.colcon_core.shell:Creating package script '/home/a-tamby/experiment_grinding_nose/sensors_experiment/install/net_ft_description/share/net_ft_description/package.sh'
[0.886s] INFO:colcon.colcon_core.shell:Creating package script '/home/a-tamby/experiment_grinding_nose/sensors_experiment/install/net_ft_description/share/net_ft_description/package.bash'
[0.887s] INFO:colcon.colcon_core.shell:Creating package script '/home/a-tamby/experiment_grinding_nose/sensors_experiment/install/net_ft_description/share/net_ft_description/package.zsh'
[0.888s] Level 1:colcon.colcon_core.environment:create_file_with_runtime_dependencies(/home/a-tamby/experiment_grinding_nose/sensors_experiment/install/net_ft_description/share/colcon-core/packages/net_ft_description)
[0.889s] Level 1:colcon.colcon_core.environment:create_environment_scripts_only(net_ft_description)
[0.889s] Level 1:colcon.colcon_core.environment:checking '/home/a-tamby/experiment_grinding_nose/sensors_experiment/install/net_ft_description' for CMake module files
[0.889s] Level 1:colcon.colcon_core.environment:checking '/home/a-tamby/experiment_grinding_nose/sensors_experiment/install/net_ft_description' for CMake config files
[0.890s] Level 1:colcon.colcon_core.shell:create_environment_hook('net_ft_description', 'cmake_prefix_path')
[0.890s] INFO:colcon.colcon_core.shell:Creating environment hook '/home/a-tamby/experiment_grinding_nose/sensors_experiment/install/net_ft_description/share/net_ft_description/hook/cmake_prefix_path.ps1'
[0.890s] INFO:colcon.colcon_core.shell:Creating environment descriptor '/home/a-tamby/experiment_grinding_nose/sensors_experiment/install/net_ft_description/share/net_ft_description/hook/cmake_prefix_path.dsv'
[0.891s] INFO:colcon.colcon_core.shell:Creating environment hook '/home/a-tamby/experiment_grinding_nose/sensors_experiment/install/net_ft_description/share/net_ft_description/hook/cmake_prefix_path.sh'
[0.891s] Level 1:colcon.colcon_core.environment:checking '/home/a-tamby/experiment_grinding_nose/sensors_experiment/install/net_ft_description/bin'
[0.891s] Level 1:colcon.colcon_core.environment:checking '/home/a-tamby/experiment_grinding_nose/sensors_experiment/install/net_ft_description/lib/pkgconfig/net_ft_description.pc'
[0.891s] Level 1:colcon.colcon_core.environment:checking '/home/a-tamby/experiment_grinding_nose/sensors_experiment/install/net_ft_description/lib/python3.10/site-packages'
[0.892s] Level 1:colcon.colcon_core.environment:checking '/home/a-tamby/experiment_grinding_nose/sensors_experiment/install/net_ft_description/bin'
[0.892s] INFO:colcon.colcon_core.shell:Creating package script '/home/a-tamby/experiment_grinding_nose/sensors_experiment/install/net_ft_description/share/net_ft_description/package.ps1'
[0.892s] INFO:colcon.colcon_core.shell:Creating package descriptor '/home/a-tamby/experiment_grinding_nose/sensors_experiment/install/net_ft_description/share/net_ft_description/package.dsv'
[0.893s] INFO:colcon.colcon_core.shell:Creating package script '/home/a-tamby/experiment_grinding_nose/sensors_experiment/install/net_ft_description/share/net_ft_description/package.sh'
[0.893s] INFO:colcon.colcon_core.shell:Creating package script '/home/a-tamby/experiment_grinding_nose/sensors_experiment/install/net_ft_description/share/net_ft_description/package.bash'
[0.894s] INFO:colcon.colcon_core.shell:Creating package script '/home/a-tamby/experiment_grinding_nose/sensors_experiment/install/net_ft_description/share/net_ft_description/package.zsh'
[0.894s] Level 1:colcon.colcon_core.environment:create_file_with_runtime_dependencies(/home/a-tamby/experiment_grinding_nose/sensors_experiment/install/net_ft_description/share/colcon-core/packages/net_ft_description)
[1.069s] DEBUG:colcon.colcon_core.event_handler.log_command:Invoked command in '/home/a-tamby/experiment_grinding_nose/sensors_experiment/build/aurora_ndi_pkg' returned '0': CMAKE_PREFIX_PATH=/opt/ros/humble /usr/bin/cmake /home/a-tamby/experiment_grinding_nose/sensors_experiment/src/aurora_ndi_pkg -DAMENT_CMAKE_SYMLINK_INSTALL=1 -DCMAKE_INSTALL_PREFIX=/home/a-tamby/experiment_grinding_nose/sensors_experiment/install/aurora_ndi_pkg
[1.069s] DEBUG:colcon.colcon_core.event_handler.log_command:Invoking command in '/home/a-tamby/experiment_grinding_nose/sensors_experiment/build/aurora_ndi_pkg': CMAKE_PREFIX_PATH=/opt/ros/humble /usr/bin/cmake --build /home/a-tamby/experiment_grinding_nose/sensors_experiment/build/aurora_ndi_pkg -- -j20 -l20
[1.144s] DEBUG:colcon.colcon_core.event_handler.log_command:Invoked command in '/home/a-tamby/experiment_grinding_nose/sensors_experiment/build/net_ft_driver' returned '0': CMAKE_PREFIX_PATH=/opt/ros/humble /usr/bin/cmake /home/a-tamby/experiment_grinding_nose/sensors_experiment/src/ros2_net_ft_driver/net_ft_driver -DAMENT_CMAKE_SYMLINK_INSTALL=1 -DCMAKE_INSTALL_PREFIX=/home/a-tamby/experiment_grinding_nose/sensors_experiment/install/net_ft_driver
[1.146s] DEBUG:colcon.colcon_core.event_handler.log_command:Invoking command in '/home/a-tamby/experiment_grinding_nose/sensors_experiment/build/net_ft_driver': CMAKE_PREFIX_PATH=/opt/ros/humble /usr/bin/cmake --build /home/a-tamby/experiment_grinding_nose/sensors_experiment/build/net_ft_driver -- -j20 -l20
[1.148s] DEBUG:colcon.colcon_core.event_handler.log_command:Invoked command in '/home/a-tamby/experiment_grinding_nose/sensors_experiment/build/net_ft_diagnostic_broadcaster' returned '0': CMAKE_PREFIX_PATH=/opt/ros/humble /usr/bin/cmake /home/a-tamby/experiment_grinding_nose/sensors_experiment/src/ros2_net_ft_driver/net_ft_diagnostic_broadcaster -DAMENT_CMAKE_SYMLINK_INSTALL=1 -DCMAKE_INSTALL_PREFIX=/home/a-tamby/experiment_grinding_nose/sensors_experiment/install/net_ft_diagnostic_broadcaster
[1.149s] DEBUG:colcon.colcon_core.event_handler.log_command:Invoking command in '/home/a-tamby/experiment_grinding_nose/sensors_experiment/build/net_ft_diagnostic_broadcaster': CMAKE_PREFIX_PATH=/opt/ros/humble /usr/bin/cmake --build /home/a-tamby/experiment_grinding_nose/sensors_experiment/build/net_ft_diagnostic_broadcaster -- -j20 -l20
[3.863s] DEBUG:colcon.colcon_core.event_handler.log_command:Invoked command in '/home/a-tamby/experiment_grinding_nose/sensors_experiment/build/net_ft_driver' returned '0': CMAKE_PREFIX_PATH=/opt/ros/humble /usr/bin/cmake --build /home/a-tamby/experiment_grinding_nose/sensors_experiment/build/net_ft_driver -- -j20 -l20
[3.864s] DEBUG:colcon.colcon_core.event_handler.log_command:Invoking command in '/home/a-tamby/experiment_grinding_nose/sensors_experiment/build/net_ft_driver': CMAKE_PREFIX_PATH=/opt/ros/humble /usr/bin/cmake --install /home/a-tamby/experiment_grinding_nose/sensors_experiment/build/net_ft_driver
[4.009s] DEBUG:colcon.colcon_core.event_handler.log_command:Invoked command in '/home/a-tamby/experiment_grinding_nose/sensors_experiment/build/net_ft_diagnostic_broadcaster' returned '0': CMAKE_PREFIX_PATH=/opt/ros/humble /usr/bin/cmake --build /home/a-tamby/experiment_grinding_nose/sensors_experiment/build/net_ft_diagnostic_broadcaster -- -j20 -l20
[4.010s] DEBUG:colcon.colcon_core.event_handler.log_command:Invoking command in '/home/a-tamby/experiment_grinding_nose/sensors_experiment/build/net_ft_diagnostic_broadcaster': CMAKE_PREFIX_PATH=/opt/ros/humble /usr/bin/cmake --install /home/a-tamby/experiment_grinding_nose/sensors_experiment/build/net_ft_diagnostic_broadcaster
[4.019s] DEBUG:colcon.colcon_core.event_handler.log_command:Invoked command in '/home/a-tamby/experiment_grinding_nose/sensors_experiment/build/aurora_ndi_pkg' returned '0': CMAKE_PREFIX_PATH=/opt/ros/humble /usr/bin/cmake --build /home/a-tamby/experiment_grinding_nose/sensors_experiment/build/aurora_ndi_pkg -- -j20 -l20
[4.020s] DEBUG:colcon.colcon_core.event_handler.log_command:Invoking command in '/home/a-tamby/experiment_grinding_nose/sensors_experiment/build/aurora_ndi_pkg': CMAKE_PREFIX_PATH=/opt/ros/humble /usr/bin/cmake --install /home/a-tamby/experiment_grinding_nose/sensors_experiment/build/aurora_ndi_pkg
[4.052s] Level 1:colcon.colcon_core.environment:create_environment_scripts_only(net_ft_driver)
[4.053s] Level 1:colcon.colcon_core.environment:checking '/home/a-tamby/experiment_grinding_nose/sensors_experiment/install/net_ft_driver' for CMake module files
[4.053s] DEBUG:colcon.colcon_core.event_handler.log_command:Invoked command in '/home/a-tamby/experiment_grinding_nose/sensors_experiment/build/net_ft_driver' returned '0': CMAKE_PREFIX_PATH=/opt/ros/humble /usr/bin/cmake --install /home/a-tamby/experiment_grinding_nose/sensors_experiment/build/net_ft_driver
[4.053s] Level 1:colcon.colcon_core.environment:checking '/home/a-tamby/experiment_grinding_nose/sensors_experiment/install/net_ft_driver' for CMake config files
[4.053s] Level 1:colcon.colcon_core.shell:create_environment_hook('net_ft_driver', 'cmake_prefix_path')
[4.053s] INFO:colcon.colcon_core.shell:Creating environment hook '/home/a-tamby/experiment_grinding_nose/sensors_experiment/install/net_ft_driver/share/net_ft_driver/hook/cmake_prefix_path.ps1'
[4.054s] INFO:colcon.colcon_core.shell:Creating environment descriptor '/home/a-tamby/experiment_grinding_nose/sensors_experiment/install/net_ft_driver/share/net_ft_driver/hook/cmake_prefix_path.dsv'
[4.054s] INFO:colcon.colcon_core.shell:Creating environment hook '/home/a-tamby/experiment_grinding_nose/sensors_experiment/install/net_ft_driver/share/net_ft_driver/hook/cmake_prefix_path.sh'
[4.054s] Level 1:colcon.colcon_core.environment:checking '/home/a-tamby/experiment_grinding_nose/sensors_experiment/install/net_ft_driver/lib'
[4.054s] Level 1:colcon.colcon_core.shell:create_environment_hook('net_ft_driver', 'ld_library_path_lib')
[4.054s] INFO:colcon.colcon_core.shell:Creating environment hook '/home/a-tamby/experiment_grinding_nose/sensors_experiment/install/net_ft_driver/share/net_ft_driver/hook/ld_library_path_lib.ps1'
[4.055s] INFO:colcon.colcon_core.shell:Creating environment descriptor '/home/a-tamby/experiment_grinding_nose/sensors_experiment/install/net_ft_driver/share/net_ft_driver/hook/ld_library_path_lib.dsv'
[4.055s] INFO:colcon.colcon_core.shell:Creating environment hook '/home/a-tamby/experiment_grinding_nose/sensors_experiment/install/net_ft_driver/share/net_ft_driver/hook/ld_library_path_lib.sh'
[4.055s] Level 1:colcon.colcon_core.environment:checking '/home/a-tamby/experiment_grinding_nose/sensors_experiment/install/net_ft_driver/bin'
[4.055s] Level 1:colcon.colcon_core.environment:checking '/home/a-tamby/experiment_grinding_nose/sensors_experiment/install/net_ft_driver/lib/pkgconfig/net_ft_driver.pc'
[4.055s] Level 1:colcon.colcon_core.environment:checking '/home/a-tamby/experiment_grinding_nose/sensors_experiment/install/net_ft_driver/lib/python3.10/site-packages'
[4.055s] Level 1:colcon.colcon_core.environment:checking '/home/a-tamby/experiment_grinding_nose/sensors_experiment/install/net_ft_driver/bin'
[4.056s] INFO:colcon.colcon_core.shell:Creating package script '/home/a-tamby/experiment_grinding_nose/sensors_experiment/install/net_ft_driver/share/net_ft_driver/package.ps1'
[4.056s] INFO:colcon.colcon_core.shell:Creating package descriptor '/home/a-tamby/experiment_grinding_nose/sensors_experiment/install/net_ft_driver/share/net_ft_driver/package.dsv'
[4.056s] INFO:colcon.colcon_core.shell:Creating package script '/home/a-tamby/experiment_grinding_nose/sensors_experiment/install/net_ft_driver/share/net_ft_driver/package.sh'
[4.056s] INFO:colcon.colcon_core.shell:Creating package script '/home/a-tamby/experiment_grinding_nose/sensors_experiment/install/net_ft_driver/share/net_ft_driver/package.bash'
[4.056s] INFO:colcon.colcon_core.shell:Creating package script '/home/a-tamby/experiment_grinding_nose/sensors_experiment/install/net_ft_driver/share/net_ft_driver/package.zsh'
[4.056s] Level 1:colcon.colcon_core.environment:create_file_with_runtime_dependencies(/home/a-tamby/experiment_grinding_nose/sensors_experiment/install/net_ft_driver/share/colcon-core/packages/net_ft_driver)
[4.057s] Level 1:colcon.colcon_core.environment:create_environment_scripts_only(net_ft_driver)
[4.057s] Level 1:colcon.colcon_core.environment:checking '/home/a-tamby/experiment_grinding_nose/sensors_experiment/install/net_ft_driver' for CMake module files
[4.057s] Level 1:colcon.colcon_core.environment:checking '/home/a-tamby/experiment_grinding_nose/sensors_experiment/install/net_ft_driver' for CMake config files
[4.057s] Level 1:colcon.colcon_core.shell:create_environment_hook('net_ft_driver', 'cmake_prefix_path')
[4.057s] INFO:colcon.colcon_core.shell:Creating environment hook '/home/a-tamby/experiment_grinding_nose/sensors_experiment/install/net_ft_driver/share/net_ft_driver/hook/cmake_prefix_path.ps1'
[4.057s] INFO:colcon.colcon_core.shell:Creating environment descriptor '/home/a-tamby/experiment_grinding_nose/sensors_experiment/install/net_ft_driver/share/net_ft_driver/hook/cmake_prefix_path.dsv'
[4.058s] INFO:colcon.colcon_core.shell:Creating environment hook '/home/a-tamby/experiment_grinding_nose/sensors_experiment/install/net_ft_driver/share/net_ft_driver/hook/cmake_prefix_path.sh'
[4.058s] Level 1:colcon.colcon_core.environment:checking '/home/a-tamby/experiment_grinding_nose/sensors_experiment/install/net_ft_driver/lib'
[4.058s] Level 1:colcon.colcon_core.shell:create_environment_hook('net_ft_driver', 'ld_library_path_lib')
[4.058s] INFO:colcon.colcon_core.shell:Creating environment hook '/home/a-tamby/experiment_grinding_nose/sensors_experiment/install/net_ft_driver/share/net_ft_driver/hook/ld_library_path_lib.ps1'
[4.058s] INFO:colcon.colcon_core.shell:Creating environment descriptor '/home/a-tamby/experiment_grinding_nose/sensors_experiment/install/net_ft_driver/share/net_ft_driver/hook/ld_library_path_lib.dsv'
[4.058s] INFO:colcon.colcon_core.shell:Creating environment hook '/home/a-tamby/experiment_grinding_nose/sensors_experiment/install/net_ft_driver/share/net_ft_driver/hook/ld_library_path_lib.sh'
[4.058s] Level 1:colcon.colcon_core.environment:checking '/home/a-tamby/experiment_grinding_nose/sensors_experiment/install/net_ft_driver/bin'
[4.058s] Level 1:colcon.colcon_core.environment:checking '/home/a-tamby/experiment_grinding_nose/sensors_experiment/install/net_ft_driver/lib/pkgconfig/net_ft_driver.pc'
[4.059s] Level 1:colcon.colcon_core.environment:checking '/home/a-tamby/experiment_grinding_nose/sensors_experiment/install/net_ft_driver/lib/python3.10/site-packages'
[4.059s] Level 1:colcon.colcon_core.environment:checking '/home/a-tamby/experiment_grinding_nose/sensors_experiment/install/net_ft_driver/bin'
[4.059s] INFO:colcon.colcon_core.shell:Creating package script '/home/a-tamby/experiment_grinding_nose/sensors_experiment/install/net_ft_driver/share/net_ft_driver/package.ps1'
[4.059s] INFO:colcon.colcon_core.shell:Creating package descriptor '/home/a-tamby/experiment_grinding_nose/sensors_experiment/install/net_ft_driver/share/net_ft_driver/package.dsv'
[4.059s] INFO:colcon.colcon_core.shell:Creating package script '/home/a-tamby/experiment_grinding_nose/sensors_experiment/install/net_ft_driver/share/net_ft_driver/package.sh'
[4.060s] INFO:colcon.colcon_core.shell:Creating package script '/home/a-tamby/experiment_grinding_nose/sensors_experiment/install/net_ft_driver/share/net_ft_driver/package.bash'
[4.060s] INFO:colcon.colcon_core.shell:Creating package script '/home/a-tamby/experiment_grinding_nose/sensors_experiment/install/net_ft_driver/share/net_ft_driver/package.zsh'
[4.060s] Level 1:colcon.colcon_core.environment:create_file_with_runtime_dependencies(/home/a-tamby/experiment_grinding_nose/sensors_experiment/install/net_ft_driver/share/colcon-core/packages/net_ft_driver)
[4.144s] Level 1:colcon.colcon_core.environment:create_environment_scripts_only(net_ft_diagnostic_broadcaster)
[4.144s] Level 1:colcon.colcon_core.environment:checking '/home/a-tamby/experiment_grinding_nose/sensors_experiment/install/net_ft_diagnostic_broadcaster' for CMake module files
[4.145s] DEBUG:colcon.colcon_core.event_handler.log_command:Invoked command in '/home/a-tamby/experiment_grinding_nose/sensors_experiment/build/net_ft_diagnostic_broadcaster' returned '0': CMAKE_PREFIX_PATH=/opt/ros/humble /usr/bin/cmake --install /home/a-tamby/experiment_grinding_nose/sensors_experiment/build/net_ft_diagnostic_broadcaster
[4.145s] Level 1:colcon.colcon_core.environment:checking '/home/a-tamby/experiment_grinding_nose/sensors_experiment/install/net_ft_diagnostic_broadcaster' for CMake config files
[4.145s] Level 1:colcon.colcon_core.shell:create_environment_hook('net_ft_diagnostic_broadcaster', 'cmake_prefix_path')
[4.145s] INFO:colcon.colcon_core.shell:Creating environment hook '/home/a-tamby/experiment_grinding_nose/sensors_experiment/install/net_ft_diagnostic_broadcaster/share/net_ft_diagnostic_broadcaster/hook/cmake_prefix_path.ps1'
[4.146s] INFO:colcon.colcon_core.shell:Creating environment descriptor '/home/a-tamby/experiment_grinding_nose/sensors_experiment/install/net_ft_diagnostic_broadcaster/share/net_ft_diagnostic_broadcaster/hook/cmake_prefix_path.dsv'
[4.146s] INFO:colcon.colcon_core.shell:Creating environment hook '/home/a-tamby/experiment_grinding_nose/sensors_experiment/install/net_ft_diagnostic_broadcaster/share/net_ft_diagnostic_broadcaster/hook/cmake_prefix_path.sh'
[4.147s] Level 1:colcon.colcon_core.environment:checking '/home/a-tamby/experiment_grinding_nose/sensors_experiment/install/net_ft_diagnostic_broadcaster/lib'
[4.147s] Level 1:colcon.colcon_core.shell:create_environment_hook('net_ft_diagnostic_broadcaster', 'ld_library_path_lib')
[4.147s] INFO:colcon.colcon_core.shell:Creating environment hook '/home/a-tamby/experiment_grinding_nose/sensors_experiment/install/net_ft_diagnostic_broadcaster/share/net_ft_diagnostic_broadcaster/hook/ld_library_path_lib.ps1'
[4.147s] INFO:colcon.colcon_core.shell:Creating environment descriptor '/home/a-tamby/experiment_grinding_nose/sensors_experiment/install/net_ft_diagnostic_broadcaster/share/net_ft_diagnostic_broadcaster/hook/ld_library_path_lib.dsv'
[4.148s] INFO:colcon.colcon_core.shell:Creating environment hook '/home/a-tamby/experiment_grinding_nose/sensors_experiment/install/net_ft_diagnostic_broadcaster/share/net_ft_diagnostic_broadcaster/hook/ld_library_path_lib.sh'
[4.148s] Level 1:colcon.colcon_core.environment:checking '/home/a-tamby/experiment_grinding_nose/sensors_experiment/install/net_ft_diagnostic_broadcaster/bin'
[4.148s] Level 1:colcon.colcon_core.environment:checking '/home/a-tamby/experiment_grinding_nose/sensors_experiment/install/net_ft_diagnostic_broadcaster/lib/pkgconfig/net_ft_diagnostic_broadcaster.pc'
[4.148s] Level 1:colcon.colcon_core.environment:checking '/home/a-tamby/experiment_grinding_nose/sensors_experiment/install/net_ft_diagnostic_broadcaster/lib/python3.10/site-packages'
[4.148s] Level 1:colcon.colcon_core.environment:checking '/home/a-tamby/experiment_grinding_nose/sensors_experiment/install/net_ft_diagnostic_broadcaster/bin'
[4.148s] INFO:colcon.colcon_core.shell:Creating package script '/home/a-tamby/experiment_grinding_nose/sensors_experiment/install/net_ft_diagnostic_broadcaster/share/net_ft_diagnostic_broadcaster/package.ps1'
[4.148s] INFO:colcon.colcon_core.shell:Creating package descriptor '/home/a-tamby/experiment_grinding_nose/sensors_experiment/install/net_ft_diagnostic_broadcaster/share/net_ft_diagnostic_broadcaster/package.dsv'
[4.149s] INFO:colcon.colcon_core.shell:Creating package script '/home/a-tamby/experiment_grinding_nose/sensors_experiment/install/net_ft_diagnostic_broadcaster/share/net_ft_diagnostic_broadcaster/package.sh'
[4.149s] INFO:colcon.colcon_core.shell:Creating package script '/home/a-tamby/experiment_grinding_nose/sensors_experiment/install/net_ft_diagnostic_broadcaster/share/net_ft_diagnostic_broadcaster/package.bash'
[4.149s] INFO:colcon.colcon_core.shell:Creating package script '/home/a-tamby/experiment_grinding_nose/sensors_experiment/install/net_ft_diagnostic_broadcaster/share/net_ft_diagnostic_broadcaster/package.zsh'
[4.149s] Level 1:colcon.colcon_core.environment:create_file_with_runtime_dependencies(/home/a-tamby/experiment_grinding_nose/sensors_experiment/install/net_ft_diagnostic_broadcaster/share/colcon-core/packages/net_ft_diagnostic_broadcaster)
[4.149s] Level 1:colcon.colcon_core.environment:create_environment_scripts_only(net_ft_diagnostic_broadcaster)
[4.149s] Level 1:colcon.colcon_core.environment:checking '/home/a-tamby/experiment_grinding_nose/sensors_experiment/install/net_ft_diagnostic_broadcaster' for CMake module files
[4.150s] Level 1:colcon.colcon_core.environment:checking '/home/a-tamby/experiment_grinding_nose/sensors_experiment/install/net_ft_diagnostic_broadcaster' for CMake config files
[4.150s] Level 1:colcon.colcon_core.shell:create_environment_hook('net_ft_diagnostic_broadcaster', 'cmake_prefix_path')
[4.150s] INFO:colcon.colcon_core.shell:Creating environment hook '/home/a-tamby/experiment_grinding_nose/sensors_experiment/install/net_ft_diagnostic_broadcaster/share/net_ft_diagnostic_broadcaster/hook/cmake_prefix_path.ps1'
[4.150s] INFO:colcon.colcon_core.shell:Creating environment descriptor '/home/a-tamby/experiment_grinding_nose/sensors_experiment/install/net_ft_diagnostic_broadcaster/share/net_ft_diagnostic_broadcaster/hook/cmake_prefix_path.dsv'
[4.151s] INFO:colcon.colcon_core.shell:Creating environment hook '/home/a-tamby/experiment_grinding_nose/sensors_experiment/install/net_ft_diagnostic_broadcaster/share/net_ft_diagnostic_broadcaster/hook/cmake_prefix_path.sh'
[4.151s] Level 1:colcon.colcon_core.environment:checking '/home/a-tamby/experiment_grinding_nose/sensors_experiment/install/net_ft_diagnostic_broadcaster/lib'
[4.151s] Level 1:colcon.colcon_core.shell:create_environment_hook('net_ft_diagnostic_broadcaster', 'ld_library_path_lib')
[4.151s] INFO:colcon.colcon_core.shell:Creating environment hook '/home/a-tamby/experiment_grinding_nose/sensors_experiment/install/net_ft_diagnostic_broadcaster/share/net_ft_diagnostic_broadcaster/hook/ld_library_path_lib.ps1'
[4.151s] INFO:colcon.colcon_core.shell:Creating environment descriptor '/home/a-tamby/experiment_grinding_nose/sensors_experiment/install/net_ft_diagnostic_broadcaster/share/net_ft_diagnostic_broadcaster/hook/ld_library_path_lib.dsv'
[4.151s] INFO:colcon.colcon_core.shell:Creating environment hook '/home/a-tamby/experiment_grinding_nose/sensors_experiment/install/net_ft_diagnostic_broadcaster/share/net_ft_diagnostic_broadcaster/hook/ld_library_path_lib.sh'
[4.151s] Level 1:colcon.colcon_core.environment:checking '/home/a-tamby/experiment_grinding_nose/sensors_experiment/install/net_ft_diagnostic_broadcaster/bin'
[4.152s] Level 1:colcon.colcon_core.environment:checking '/home/a-tamby/experiment_grinding_nose/sensors_experiment/install/net_ft_diagnostic_broadcaster/lib/pkgconfig/net_ft_diagnostic_broadcaster.pc'
[4.152s] Level 1:colcon.colcon_core.environment:checking '/home/a-tamby/experiment_grinding_nose/sensors_experiment/install/net_ft_diagnostic_broadcaster/lib/python3.10/site-packages'
[4.152s] Level 1:colcon.colcon_core.environment:checking '/home/a-tamby/experiment_grinding_nose/sensors_experiment/install/net_ft_diagnostic_broadcaster/bin'
[4.152s] INFO:colcon.colcon_core.shell:Creating package script '/home/a-tamby/experiment_grinding_nose/sensors_experiment/install/net_ft_diagnostic_broadcaster/share/net_ft_diagnostic_broadcaster/package.ps1'
[4.152s] INFO:colcon.colcon_core.shell:Creating package descriptor '/home/a-tamby/experiment_grinding_nose/sensors_experiment/install/net_ft_diagnostic_broadcaster/share/net_ft_diagnostic_broadcaster/package.dsv'
[4.152s] INFO:colcon.colcon_core.shell:Creating package script '/home/a-tamby/experiment_grinding_nose/sensors_experiment/install/net_ft_diagnostic_broadcaster/share/net_ft_diagnostic_broadcaster/package.sh'
[4.153s] INFO:colcon.colcon_core.shell:Creating package script '/home/a-tamby/experiment_grinding_nose/sensors_experiment/install/net_ft_diagnostic_broadcaster/share/net_ft_diagnostic_broadcaster/package.bash'
[4.153s] INFO:colcon.colcon_core.shell:Creating package script '/home/a-tamby/experiment_grinding_nose/sensors_experiment/install/net_ft_diagnostic_broadcaster/share/net_ft_diagnostic_broadcaster/package.zsh'
[4.153s] Level 1:colcon.colcon_core.environment:create_file_with_runtime_dependencies(/home/a-tamby/experiment_grinding_nose/sensors_experiment/install/net_ft_diagnostic_broadcaster/share/colcon-core/packages/net_ft_diagnostic_broadcaster)
[4.157s] Level 1:colcon.colcon_core.environment:create_environment_scripts_only(aurora_ndi_pkg)
[4.157s] Level 1:colcon.colcon_core.environment:checking '/home/a-tamby/experiment_grinding_nose/sensors_experiment/install/aurora_ndi_pkg' for CMake module files
[4.158s] DEBUG:colcon.colcon_core.event_handler.log_command:Invoked command in '/home/a-tamby/experiment_grinding_nose/sensors_experiment/build/aurora_ndi_pkg' returned '0': CMAKE_PREFIX_PATH=/opt/ros/humble /usr/bin/cmake --install /home/a-tamby/experiment_grinding_nose/sensors_experiment/build/aurora_ndi_pkg
[4.158s] Level 1:colcon.colcon_core.environment:checking '/home/a-tamby/experiment_grinding_nose/sensors_experiment/install/aurora_ndi_pkg' for CMake config files
[4.158s] Level 1:colcon.colcon_core.shell:create_environment_hook('aurora_ndi_pkg', 'cmake_prefix_path')
[4.158s] INFO:colcon.colcon_core.shell:Creating environment hook '/home/a-tamby/experiment_grinding_nose/sensors_experiment/install/aurora_ndi_pkg/share/aurora_ndi_pkg/hook/cmake_prefix_path.ps1'
[4.158s] INFO:colcon.colcon_core.shell:Creating environment descriptor '/home/a-tamby/experiment_grinding_nose/sensors_experiment/install/aurora_ndi_pkg/share/aurora_ndi_pkg/hook/cmake_prefix_path.dsv'
[4.159s] INFO:colcon.colcon_core.shell:Creating environment hook '/home/a-tamby/experiment_grinding_nose/sensors_experiment/install/aurora_ndi_pkg/share/aurora_ndi_pkg/hook/cmake_prefix_path.sh'
[4.159s] Level 1:colcon.colcon_core.environment:checking '/home/a-tamby/experiment_grinding_nose/sensors_experiment/install/aurora_ndi_pkg/lib'
[4.159s] Level 1:colcon.colcon_core.environment:checking '/home/a-tamby/experiment_grinding_nose/sensors_experiment/install/aurora_ndi_pkg/bin'
[4.159s] Level 1:colcon.colcon_core.environment:checking '/home/a-tamby/experiment_grinding_nose/sensors_experiment/install/aurora_ndi_pkg/lib/pkgconfig/aurora_ndi_pkg.pc'
[4.159s] Level 1:colcon.colcon_core.environment:checking '/home/a-tamby/experiment_grinding_nose/sensors_experiment/install/aurora_ndi_pkg/lib/python3.10/site-packages'
[4.159s] Level 1:colcon.colcon_core.environment:checking '/home/a-tamby/experiment_grinding_nose/sensors_experiment/install/aurora_ndi_pkg/bin'
[4.159s] INFO:colcon.colcon_core.shell:Creating package script '/home/a-tamby/experiment_grinding_nose/sensors_experiment/install/aurora_ndi_pkg/share/aurora_ndi_pkg/package.ps1'
[4.159s] INFO:colcon.colcon_core.shell:Creating package descriptor '/home/a-tamby/experiment_grinding_nose/sensors_experiment/install/aurora_ndi_pkg/share/aurora_ndi_pkg/package.dsv'
[4.160s] INFO:colcon.colcon_core.shell:Creating package script '/home/a-tamby/experiment_grinding_nose/sensors_experiment/install/aurora_ndi_pkg/share/aurora_ndi_pkg/package.sh'
[4.160s] INFO:colcon.colcon_core.shell:Creating package script '/home/a-tamby/experiment_grinding_nose/sensors_experiment/install/aurora_ndi_pkg/share/aurora_ndi_pkg/package.bash'
[4.160s] INFO:colcon.colcon_core.shell:Creating package script '/home/a-tamby/experiment_grinding_nose/sensors_experiment/install/aurora_ndi_pkg/share/aurora_ndi_pkg/package.zsh'
[4.160s] Level 1:colcon.colcon_core.environment:create_file_with_runtime_dependencies(/home/a-tamby/experiment_grinding_nose/sensors_experiment/install/aurora_ndi_pkg/share/colcon-core/packages/aurora_ndi_pkg)
[4.160s] Level 1:colcon.colcon_core.environment:create_environment_scripts_only(aurora_ndi_pkg)
[4.160s] Level 1:colcon.colcon_core.environment:checking '/home/a-tamby/experiment_grinding_nose/sensors_experiment/install/aurora_ndi_pkg' for CMake module files
[4.161s] Level 1:colcon.colcon_core.environment:checking '/home/a-tamby/experiment_grinding_nose/sensors_experiment/install/aurora_ndi_pkg' for CMake config files
[4.161s] Level 1:colcon.colcon_core.shell:create_environment_hook('aurora_ndi_pkg', 'cmake_prefix_path')
[4.161s] INFO:colcon.colcon_core.shell:Creating environment hook '/home/a-tamby/experiment_grinding_nose/sensors_experiment/install/aurora_ndi_pkg/share/aurora_ndi_pkg/hook/cmake_prefix_path.ps1'
[4.161s] INFO:colcon.colcon_core.shell:Creating environment descriptor '/home/a-tamby/experiment_grinding_nose/sensors_experiment/install/aurora_ndi_pkg/share/aurora_ndi_pkg/hook/cmake_prefix_path.dsv'
[4.161s] INFO:colcon.colcon_core.shell:Creating environment hook '/home/a-tamby/experiment_grinding_nose/sensors_experiment/install/aurora_ndi_pkg/share/aurora_ndi_pkg/hook/cmake_prefix_path.sh'
[4.161s] Level 1:colcon.colcon_core.environment:checking '/home/a-tamby/experiment_grinding_nose/sensors_experiment/install/aurora_ndi_pkg/lib'
[4.161s] Level 1:colcon.colcon_core.environment:checking '/home/a-tamby/experiment_grinding_nose/sensors_experiment/install/aurora_ndi_pkg/bin'
[4.162s] Level 1:colcon.colcon_core.environment:checking '/home/a-tamby/experiment_grinding_nose/sensors_experiment/install/aurora_ndi_pkg/lib/pkgconfig/aurora_ndi_pkg.pc'
[4.162s] Level 1:colcon.colcon_core.environment:checking '/home/a-tamby/experiment_grinding_nose/sensors_experiment/install/aurora_ndi_pkg/lib/python3.10/site-packages'
[4.162s] Level 1:colcon.colcon_core.environment:checking '/home/a-tamby/experiment_grinding_nose/sensors_experiment/install/aurora_ndi_pkg/bin'
[4.162s] INFO:colcon.colcon_core.shell:Creating package script '/home/a-tamby/experiment_grinding_nose/sensors_experiment/install/aurora_ndi_pkg/share/aurora_ndi_pkg/package.ps1'
[4.162s] INFO:colcon.colcon_core.shell:Creating package descriptor '/home/a-tamby/experiment_grinding_nose/sensors_experiment/install/aurora_ndi_pkg/share/aurora_ndi_pkg/package.dsv'
[4.162s] INFO:colcon.colcon_core.shell:Creating package script '/home/a-tamby/experiment_grinding_nose/sensors_experiment/install/aurora_ndi_pkg/share/aurora_ndi_pkg/package.sh'
[4.163s] INFO:colcon.colcon_core.shell:Creating package script '/home/a-tamby/experiment_grinding_nose/sensors_experiment/install/aurora_ndi_pkg/share/aurora_ndi_pkg/package.bash'
[4.163s] INFO:colcon.colcon_core.shell:Creating package script '/home/a-tamby/experiment_grinding_nose/sensors_experiment/install/aurora_ndi_pkg/share/aurora_ndi_pkg/package.zsh'
[4.163s] Level 1:colcon.colcon_core.environment:create_file_with_runtime_dependencies(/home/a-tamby/experiment_grinding_nose/sensors_experiment/install/aurora_ndi_pkg/share/colcon-core/packages/aurora_ndi_pkg)
[4.163s] DEBUG:colcon.colcon_parallel_executor.executor.parallel:closing loop
[4.163s] DEBUG:colcon.colcon_parallel_executor.executor.parallel:loop closed
[4.163s] DEBUG:colcon.colcon_parallel_executor.executor.parallel:run_until_complete finished with '0'
[4.163s] DEBUG:colcon.colcon_core.event_reactor:joining thread
[4.168s] INFO:colcon.colcon_core.plugin_system:Skipping extension 'colcon_notification.desktop_notification.terminal_notifier': Not used on non-Darwin systems
[4.168s] INFO:colcon.colcon_core.plugin_system:Skipping extension 'colcon_notification.desktop_notification.win32': Not used on non-Windows systems
[4.168s] INFO:colcon.colcon_notification.desktop_notification:Sending desktop notification using 'notify2'
[4.180s] DEBUG:colcon.colcon_core.event_reactor:joined thread
[4.180s] INFO:colcon.colcon_core.shell:Creating prefix script '/home/a-tamby/experiment_grinding_nose/sensors_experiment/install/local_setup.ps1'
[4.181s] INFO:colcon.colcon_core.shell:Creating prefix util module '/home/a-tamby/experiment_grinding_nose/sensors_experiment/install/_local_setup_util_ps1.py'
[4.182s] INFO:colcon.colcon_core.shell:Creating prefix chain script '/home/a-tamby/experiment_grinding_nose/sensors_experiment/install/setup.ps1'
[4.182s] INFO:colcon.colcon_core.shell:Creating prefix script '/home/a-tamby/experiment_grinding_nose/sensors_experiment/install/local_setup.sh'
[4.182s] INFO:colcon.colcon_core.shell:Creating prefix util module '/home/a-tamby/experiment_grinding_nose/sensors_experiment/install/_local_setup_util_sh.py'
[4.183s] INFO:colcon.colcon_core.shell:Creating prefix chain script '/home/a-tamby/experiment_grinding_nose/sensors_experiment/install/setup.sh'
[4.183s] INFO:colcon.colcon_core.shell:Creating prefix script '/home/a-tamby/experiment_grinding_nose/sensors_experiment/install/local_setup.bash'
[4.184s] INFO:colcon.colcon_core.shell:Creating prefix chain script '/home/a-tamby/experiment_grinding_nose/sensors_experiment/install/setup.bash'
[4.184s] INFO:colcon.colcon_core.shell:Creating prefix script '/home/a-tamby/experiment_grinding_nose/sensors_experiment/install/local_setup.zsh'
[4.184s] INFO:colcon.colcon_core.shell:Creating prefix chain script '/home/a-tamby/experiment_grinding_nose/sensors_experiment/install/setup.zsh'
